time,response_time,active_pods_count,cpu_load,current_power_of_attack
2022-03-04 15:06:52.267848,0.4,1 1 1 1 1,1 1 1 1 1,2
2022-03-04 15:06:54.133871,0.4,1 1 1 1 1,1 1 1 1 1,2
2022-03-04 15:06:56.034115,0.4,1 1 1 1 1,1 1 1 1 1,2
2022-03-04 15:06:57.901049,0.4,1 1 1 1 1,1 1 1 1 1,2
2022-03-04 15:06:59.744626,0.4,1 1 1 1 1,1 1 1 1 1,2
2022-03-04 15:07:01.660427,0.4,1 1 1 1 1,1 1 1 1 1,2
2022-03-04 15:07:03.538655,0.4,1 1 1 1 1,1 1 1 1 1,2
2022-03-04 15:07:05.412161,0.4,1 1 1 1 1,1 1 1 1 1,2
2022-03-04 15:07:07.256000,0.4,1 1 1 1 1,1 1 1 1 1,2
2022-03-04 15:07:10.122588,1.4,1 1 1 1 1,1 1 1 1 1,2
2022-03-04 15:07:12.015997,0.4,1 1 1 1 1,1 1 1 1 1,2
2022-03-04 15:07:13.897851,0.4,1 1 1 1 1,1 1 1 1 1,14
2022-03-04 15:07:15.765949,0.5,1 1 1 1 1,1 1 1 1 1,14
2022-03-04 15:07:18.402531,0.4,1 1 1 1 1,1 1 1 1 1,14
2022-03-04 15:07:20.401477,0.4,1 1 1 1 1,1 1 1 1 1,14
2022-03-04 15:07:22.359591,0.5,1 1 1 1 1,1 1 1 1 1,14
2022-03-04 15:07:24.415657,0.6,1 1 1 1 1,1 2 1 3 1,14
2022-03-04 15:07:26.338576,0.4,1 1 1 1 1,1 2 1 3 1,14
2022-03-04 15:07:28.416449,0.6,1 1 1 1 1,1 2 1 3 1,14
2022-03-04 15:07:30.842207,0.5,1 1 1 1 1,1 2 1 3 1,14
2022-03-04 15:07:33.392328,0.6,1 1 1 1 1,1 2 1 3 1,14
2022-03-04 15:07:35.348630,0.5,1 1 1 1 1,1 2 1 3 1,14
2022-03-04 15:07:38.533010,0.5,1 1 1 1 1,4 2 1 3 1,14
2022-03-04 15:07:40.654057,0.4,1 1 1 1 1,4 2 1 3 1,14
2022-03-04 15:07:43.174875,0.5,1 1 1 1 1,4 2 1 3 1,14
2022-03-04 15:07:45.246510,0.5,1 1 1 1 1,4 2 1 3 1,14
2022-03-04 15:07:47.960113,0.5,1 1 1 1 1,4 2 1 3 1,14
2022-03-04 15:07:49.927641,0.5,1 1 1 1 1,4 2 1 3 1,14
2022-03-04 15:07:52.036757,0.5,1 1 1 1 1,4 2 1 3 1,14
2022-03-04 15:07:54.418245,0.6,1 1 1 1 1,4 2 1 111 1,14
2022-03-04 15:07:56.623274,0.5,1 1 1 1 1,4 137 4 111 1,14
2022-03-04 15:07:58.762828,0.4,1 1 1 1 1,4 137 4 111 1,14
2022-03-04 15:08:00.879811,0.5,1 1 1 1 1,4 137 4 111 1,14
2022-03-04 15:08:03.131401,0.6,1 1 1 1 1,4 137 4 111 1,14
2022-03-04 15:08:05.253266,0.4,1 1 1 1 1,4 137 4 111 1,14
2022-03-04 15:08:07.481274,0.5,1 1 1 1 1,4 137 4 111 67,14
2022-03-04 15:08:09.880062,0.5,1 3 1 3 1,4 137 4 111 67,14
2022-03-04 15:08:12.232527,0.5,1 3 1 3 1,4 137 4 111 67,14
2022-03-04 15:08:14.594174,0.5,1 3 1 3 1,4 137 4 111 67,14
2022-03-04 15:08:16.991251,0.4,1 3 1 3 1,4 137 4 111 67,14
2022-03-04 15:08:19.410417,0.6,1 3 1 3 1,4 137 4 111 67,14
2022-03-04 15:08:21.705883,0.5,1 3 1 3 2,4 137 4 111 67,14
2022-03-04 15:08:24.056190,0.4,1 3 1 3 2,165 137 4 111 67,14
2022-03-04 15:08:27.403245,1.3,1 3 1 3 2,165 137 147 111 67,14
2022-03-04 15:08:30.004496,0.4,1 3 1 3 2,165 137 147 111 67,14
2022-03-04 15:08:32.555591,0.5,1 3 1 3 2,165 137 147 111 67,14
2022-03-04 15:08:35.117965,0.4,1 3 1 3 2,165 137 147 111 67,14
2022-03-04 15:08:38.694106,0.4,1 3 1 3 2,165 137 147 111 82,14
2022-03-04 15:08:42.264385,0.4,4 3 3 3 2,165 137 147 111 82,14
2022-03-04 15:08:45.094071,0.4,4 3 3 3 2,165 137 147 111 82,14
2022-03-04 15:08:47.871456,0.4,4 3 3 3 2,165 137 147 111 82,14
2022-03-04 15:08:50.640655,0.5,4 3 3 3 2,165 137 147 111 82,14
2022-03-04 15:08:53.464001,0.5,4 3 3 3 4,165 137 147 111 82,14
2022-03-04 15:08:56.098742,0.4,4 3 3 3 4,165 71 194 42 82,14
2022-03-04 15:08:58.795278,0.5,4 3 3 3 4,165 71 194 42 82,14
2022-03-04 15:09:02.678337,1.5,4 3 3 3 4,165 71 194 42 82,14
2022-03-04 15:09:05.360464,0.4,4 3 3 3 4,165 71 194 42 82,14
2022-03-04 15:09:08.572654,0.5,4 3 3 3 4,165 71 194 42 82,14
2022-03-04 15:09:11.289015,0.5,4 5 4 3 4,165 71 194 42 82,14
2022-03-04 15:09:14.073338,0.5,4 5 4 3 4,165 71 194 42 82,14
2022-03-04 15:09:17.124802,0.4,4 5 4 3 4,165 71 194 42 82,14
2022-03-04 15:09:19.851622,0.5,4 5 4 3 4,165 71 194 42 82,14
2022-03-04 15:09:22.372014,0.5,4 5 4 3 4,165 71 194 42 82,14
2022-03-04 15:09:24.984043,0.4,4 5 4 3 4,59 71 194 65 82,14
2022-03-04 15:09:27.953269,0.4,4 5 4 3 4,59 71 194 65 82,14
2022-03-04 15:09:31.538741,0.4,4 5 4 3 4,59 71 194 65 82,14
2022-03-04 15:09:34.449763,0.4,4 5 4 3 4,59 71 194 65 82,14
2022-03-04 15:09:37.096756,0.4,4 5 4 3 4,59 71 194 65 82,14
2022-03-04 15:09:40.036783,0.4,4 5 4 4 4,59 71 194 65 86,14
2022-03-04 15:09:43.142269,0.5,4 5 4 4 4,59 71 194 65 86,14
2022-03-04 15:09:46.162437,0.4,4 5 4 4 4,59 71 194 65 86,14
2022-03-04 15:09:49.627156,0.4,4 5 4 4 4,59 71 194 65 86,14
2022-03-04 15:09:52.580549,0.5,4 5 4 4 4,59 71 194 65 86,14
2022-03-04 15:09:55.510622,0.5,4 5 4 4 4,59 71 194 65 86,14
2022-03-04 15:09:58.882162,0.4,4 5 4 4 4,59 65 188 65 86,14
2022-03-04 15:10:02.242264,0.4,4 5 4 4 4,59 65 188 65 86,14
2022-03-04 15:10:05.272146,0.4,4 5 4 4 4,59 65 188 65 86,14
2022-03-04 15:10:09.324269,1.2,4 5 4 4 4,59 65 188 65 86,14
2022-03-04 15:10:12.309808,0.5,4 5 4 4 4,59 65 188 65 86,14
2022-03-04 15:10:15.100579,0.4,4 5 4 4 4,59 65 188 65 86,14
2022-03-04 15:10:17.913513,0.4,4 5 4 4 4,59 65 188 65 86,14
2022-03-04 15:10:20.626771,0.4,4 5 4 4 4,59 65 188 65 86,14
2022-03-04 15:10:23.559696,0.5,4 5 4 4 4,59 65 188 65 86,14
2022-03-04 15:10:26.462528,0.5,4 5 4 4 4,47 65 188 45 86,14
2022-03-04 15:10:30.008187,1.0,4 5 4 4 4,47 65 188 45 86,14
2022-03-04 15:10:32.946068,0.5,4 5 4 4 4,47 65 188 45 86,14
2022-03-04 15:10:35.685232,0.4,4 5 4 4 4,47 65 188 45 86,14
2022-03-04 15:10:38.260770,0.4,4 5 4 4 4,47 65 188 45 45,14
2022-03-04 15:10:40.934105,0.4,4 5 4 4 4,47 65 188 45 45,14
2022-03-04 15:10:43.395460,0.4,4 5 4 4 4,47 65 188 45 45,14
2022-03-04 15:10:45.953773,0.4,4 5 4 4 4,47 65 188 45 45,14
2022-03-04 15:10:48.395479,0.4,4 5 4 4 4,47 65 188 45 45,14
2022-03-04 15:10:50.785114,0.4,4 5 4 4 4,47 65 188 45 45,14
2022-03-04 15:10:53.757968,0.5,4 5 4 4 4,47 65 188 45 45,14
2022-03-04 15:10:56.201051,0.5,4 5 4 4 4,47 23 188 45 45,14
2022-03-04 15:10:58.611916,0.4,4 5 4 4 4,47 23 44 45 45,2
2022-03-04 15:11:00.869162,0.4,4 5 4 4 4,47 23 44 45 45,2
2022-03-04 15:11:03.199101,0.4,4 5 4 4 4,47 23 44 45 45,2
2022-03-04 15:11:05.528248,0.4,4 5 4 4 4,47 23 44 45 45,2
2022-03-04 15:11:07.897124,0.4,4 5 4 4 4,47 23 44 45 45,2
2022-03-04 15:11:10.222519,0.4,4 5 4 4 4,47 23 44 45 45,2
2022-03-04 15:11:12.610330,0.5,4 5 4 4 4,47 23 44 45 45,2
2022-03-04 15:11:14.890616,0.4,4 5 4 4 4,47 23 44 45 45,2
2022-03-04 15:11:17.197241,0.4,4 5 4 4 4,47 23 44 45 45,2
2022-03-04 15:11:19.650009,0.4,4 5 4 4 4,47 23 44 45 45,2
2022-03-04 15:11:22.086905,0.4,4 5 4 4 4,47 23 44 45 45,2
2022-03-04 15:11:24.666426,0.4,4 5 4 4 4,47 23 44 45 45,2
2022-03-04 15:11:27.126180,0.4,4 5 4 4 4,47 23 44 45 45,2
2022-03-04 15:11:29.679679,0.4,4 5 4 4 4,47 23 44 45 45,2
2022-03-04 15:11:32.118716,0.4,4 5 4 4 4,47 23 44 45 45,2
2022-03-04 15:11:34.599787,0.4,4 5 4 4 4,47 23 44 45 45,2
2022-03-04 15:11:37.700539,0.4,4 5 4 4 4,47 23 44 45 46,2
2022-03-04 15:11:40.304555,0.4,4 5 4 4 4,47 23 44 40 46,2
2022-03-04 15:11:42.899405,0.4,4 5 4 4 4,47 42 44 40 46,2
2022-03-04 15:11:45.904755,0.4,4 5 4 4 4,47 42 44 40 46,2
2022-03-04 15:11:48.639348,0.4,4 5 4 4 4,47 42 44 40 46,2
2022-03-04 15:11:51.290548,0.4,4 5 4 4 4,47 42 44 40 46,2
2022-03-04 15:11:54.149714,0.4,4 5 4 4 4,18 42 44 40 8,2
2022-03-04 15:11:56.580945,0.4,4 5 4 4 4,18 42 44 1 8,2
2022-03-04 15:11:58.998954,0.4,4 5 4 4 4,18 42 24 1 8,2
2022-03-04 15:12:01.432917,0.4,4 5 4 4 4,18 42 24 1 8,2
2022-03-04 15:12:03.774453,0.5,4 5 4 4 4,18 42 24 1 8,2
2022-03-04 15:12:06.010751,0.4,4 5 4 4 4,18 42 24 1 8,2
2022-03-04 15:12:08.369951,0.4,4 5 4 4 4,18 42 24 1 8,2
2022-03-04 15:12:10.635737,0.4,4 5 4 4 4,18 42 24 1 8,2
2022-03-04 15:12:13.901139,1.3,4 5 4 4 4,18 42 24 1 8,2
2022-03-04 15:12:16.157029,0.4,4 5 4 4 4,18 42 24 1 8,2
2022-03-04 15:12:18.798476,0.4,4 5 4 4 4,18 42 24 1 8,2
2022-03-04 15:12:20.988309,0.4,4 5 4 4 4,18 42 24 1 8,2
2022-03-04 15:12:23.204057,0.4,4 5 4 4 4,18 42 24 1 8,2
2022-03-04 15:12:25.369417,0.4,4 5 4 4 4,1 1 24 1 8,2
2022-03-04 15:12:27.517729,0.4,4 5 4 4 4,1 1 1 1 8,2
2022-03-04 15:12:29.662911,0.4,4 5 4 4 4,1 1 1 1 8,2
2022-03-04 15:12:31.786532,0.4,4 5 4 4 4,1 1 1 1 8,2
2022-03-04 15:12:33.869651,0.4,4 5 4 4 4,1 1 1 1 8,2
2022-03-04 15:12:35.912921,0.4,4 5 4 4 4,1 1 1 1 8,2
2022-03-04 15:12:38.207449,0.4,4 5 4 4 4,1 1 1 1 8,2
2022-03-04 15:12:40.373952,0.4,4 5 4 4 4,1 1 1 1 8,2
2022-03-04 15:12:42.462635,0.4,4 5 4 4 4,1 1 1 1 8,2
2022-03-04 15:12:44.587980,0.4,4 5 4 4 4,1 1 1 1 8,2
2022-03-04 15:12:46.698012,0.4,4 5 4 4 4,1 1 1 1 8,2
2022-03-04 15:12:48.842470,0.4,4 5 4 4 4,1 1 1 1 8,2
2022-03-04 15:12:51.120980,0.5,4 5 4 4 4,1 1 1 1 8,2
2022-03-04 15:12:53.230858,0.4,4 5 4 4 4,1 1 1 1 1,2
2022-03-04 15:12:55.298306,0.4,4 5 4 4 4,1 1 1 1 1,2
2022-03-04 15:12:57.386654,0.4,4 5 4 4 4,1 1 1 1 1,2
2022-03-04 15:13:00.065413,0.8,4 5 4 4 4,1 1 1 1 1,2
2022-03-04 15:13:02.157874,0.4,4 5 4 4 4,1 1 1 1 1,2
2022-03-04 15:13:04.225655,0.4,4 5 4 4 4,1 1 1 1 1,2
2022-03-04 15:13:06.361407,0.4,4 5 4 4 4,1 1 1 1 1,2
2022-03-04 15:13:08.618585,0.4,4 5 4 4 4,1 1 1 1 1,2
2022-03-04 15:13:10.710628,0.4,4 5 4 4 4,1 1 1 1 1,2
2022-03-04 15:13:12.886901,0.4,4 5 4 4 4,1 1 1 1 1,2
2022-03-04 15:13:15.016605,0.4,4 5 4 4 4,1 1 1 1 1,2
2022-03-04 15:13:17.271577,0.4,4 5 4 4 4,1 1 1 1 1,2
2022-03-04 15:13:19.651090,0.4,4 5 4 4 4,1 1 1 1 1,2
2022-03-04 15:13:22.003205,0.4,4 5 4 4 4,1 1 1 1 1,2
2022-03-04 15:13:24.320489,0.4,4 5 4 4 4,1 1 1 1 1,2
2022-03-04 15:13:27.828662,1.5,4 5 4 4 4,1 1 1 1 1,2
2022-03-04 15:13:30.222863,0.4,4 5 4 4 4,1 1 1 1 1,2
2022-03-04 15:13:32.454299,0.4,4 5 4 4 4,1 1 1 1 1,2
2022-03-04 15:13:34.881871,0.4,4 5 4 4 4,1 1 1 1 1,2
2022-03-04 15:13:37.276918,0.4,4 5 4 4 4,1 1 1 1 1,2
2022-03-04 15:13:39.758639,0.5,4 5 4 4 4,1 1 1 1 1,2
2022-03-04 15:13:42.197768,0.4,4 5 4 4 4,1 1 1 1 1,2
2022-03-04 15:13:45.027185,0.4,4 5 4 4 4,1 1 1 1 1,2
2022-03-04 15:13:47.289251,0.4,4 5 4 4 4,1 1 1 1 1,2
2022-03-04 15:13:49.515912,0.4,4 5 4 4 4,1 1 1 1 1,2
2022-03-04 15:13:52.196528,0.4,4 5 4 4 4,1 1 1 1 1,2
2022-03-04 15:13:54.785043,0.4,4 5 4 4 4,1 1 1 1 1,2
2022-03-04 15:13:57.351687,0.4,4 5 4 4 4,1 1 1 1 1,2
2022-03-04 15:13:59.832162,0.4,4 5 4 4 4,1 1 1 1 1,2
2022-03-04 15:14:02.237337,0.4,4 5 4 4 4,1 1 1 1 1,2
2022-03-04 15:14:04.639419,0.4,4 5 4 4 4,1 1 1 1 1,2
2022-03-04 15:14:07.951668,1.3,4 5 4 4 4,1 1 1 1 1,2
2022-03-04 15:14:10.282895,0.4,4 5 4 4 4,1 1 1 1 1,2
2022-03-04 15:14:12.535144,0.4,4 5 4 4 4,1 1 1 1 1,2
2022-03-04 15:14:14.777791,0.4,4 5 4 4 4,1 1 1 1 1,2
2022-03-04 15:14:17.039824,0.4,4 5 4 4 4,1 1 1 1 1,2
2022-03-04 15:14:19.439109,0.4,4 5 4 4 4,1 1 1 1 1,2
2022-03-04 15:14:21.806294,0.4,4 5 4 4 4,1 1 1 1 1,2
2022-03-04 15:14:24.036825,0.4,4 5 4 4 4,1 1 1 1 1,2
2022-03-04 15:14:26.269610,0.4,4 5 4 4 4,1 1 1 1 1,2
2022-03-04 15:14:28.538879,0.4,4 5 4 4 4,1 1 1 1 1,2
2022-03-04 15:14:30.819253,0.4,4 5 4 4 4,1 1 1 1 1,2
2022-03-04 15:14:33.015956,0.4,4 5 4 4 4,1 1 1 1 1,2
2022-03-04 15:14:35.267142,0.4,4 5 4 4 4,1 1 1 1 1,2
2022-03-04 15:14:37.544660,0.4,4 5 4 4 4,1 1 1 1 1,2
2022-03-04 15:14:39.825873,0.4,4 5 4 4 4,1 1 1 1 1,2
2022-03-04 15:14:42.081721,0.4,4 5 4 4 4,1 1 1 1 1,2
2022-03-04 15:14:44.369020,0.4,4 5 4 4 4,1 1 1 1 1,2
2022-03-04 15:14:46.690752,0.4,4 5 4 4 4,1 1 1 1 1,2
2022-03-04 15:14:48.941014,0.4,4 5 4 4 4,1 1 1 1 1,2
2022-03-04 15:14:51.036372,0.4,4 5 4 4 4,1 1 1 1 1,2
2022-03-04 15:14:53.291788,0.4,4 5 4 4 4,1 1 1 1 1,2
2022-03-04 15:14:55.713888,0.4,4 4 4 4 4,1 1 1 1 1,2
2022-03-04 15:14:58.111606,0.4,4 4 4 4 4,1 1 1 1 1,2
2022-03-04 15:15:00.522751,0.4,4 4 4 4 4,1 1 1 1 1,2
2022-03-04 15:15:02.945540,0.4,4 4 4 4 4,1 1 1 1 1,2
2022-03-04 15:15:05.210361,0.4,4 4 4 4 4,1 1 1 1 1,2
2022-03-04 15:15:07.574885,0.4,4 4 4 4 4,1 1 1 1 1,2
2022-03-04 15:15:09.926257,0.4,4 4 4 4 4,1 1 1 1 1,2
2022-03-04 15:15:12.441171,0.4,4 4 4 4 4,1 1 1 1 1,2
2022-03-04 15:15:14.720419,0.4,4 4 4 4 4,1 1 1 1 1,2
2022-03-04 15:15:16.955438,0.4,4 4 4 4 4,1 1 1 1 1,2
2022-03-04 15:15:19.197174,0.4,4 4 4 4 4,1 1 1 1 1,2
2022-03-04 15:15:21.883201,0.4,4 4 4 4 4,1 1 1 1 1,2
2022-03-04 15:15:24.192556,0.4,4 4 4 4 4,1 1 1 1 1,2
2022-03-04 15:15:26.294757,0.4,4 4 4 4 4,1 1 1 1 1,2
2022-03-04 15:15:28.433924,0.4,4 4 4 4 4,1 1 1 1 1,2
2022-03-04 15:15:30.703337,0.4,4 4 4 4 4,1 1 1 1 1,2
2022-03-04 15:15:32.967315,0.4,4 4 4 4 4,1 1 1 1 1,2
2022-03-04 15:15:35.351502,0.4,4 4 4 4 4,1 1 1 1 1,2
2022-03-04 15:15:37.653880,0.4,4 4 4 4 4,1 1 1 1 1,2
2022-03-04 15:15:39.876770,0.4,4 4 4 4 4,1 1 1 1 1,2
2022-03-04 15:15:42.215677,0.4,4 4 4 4 4,1 1 1 1 1,2
2022-03-04 15:15:44.477381,0.4,4 4 4 4 4,1 1 1 1 1,2
2022-03-04 15:15:46.729554,0.4,4 4 4 4 4,1 1 1 1 1,2
2022-03-04 15:15:48.943548,0.4,4 4 4 4 4,1 1 1 1 1,2
2022-03-04 15:15:51.258232,0.5,4 4 4 4 4,1 1 1 1 1,2
2022-03-04 15:15:54.323341,1.2,4 4 4 4 4,1 1 1 1 1,2
2022-03-04 15:15:56.583415,0.4,4 4 4 4 4,1 1 1 1 1,2
2022-03-04 15:15:58.836863,0.4,4 4 4 4 4,1 1 1 1 1,2
2022-03-04 15:16:01.525156,0.4,4 4 4 4 4,1 1 1 1 1,2
2022-03-04 15:16:03.665430,0.4,4 4 4 4 4,1 1 1 1 1,2
2022-03-04 15:16:05.742113,0.4,4 4 4 4 4,1 1 1 1 1,2
2022-03-04 15:16:07.868732,0.4,4 4 4 4 4,1 1 1 1 1,2
2022-03-04 15:16:09.995895,0.4,4 4 4 4 4,1 1 1 1 1,2
2022-03-04 15:16:12.128985,0.4,4 4 4 4 4,1 1 1 1 1,2
2022-03-04 15:16:14.234265,0.4,4 4 4 4 4,1 1 1 1 1,2
2022-03-04 15:16:16.278976,0.4,4 4 4 4 4,1 1 1 1 1,2
2022-03-04 15:16:18.577012,0.4,4 4 4 4 4,1 1 1 1 1,2
2022-03-04 15:16:20.794923,0.4,4 4 4 4 4,1 1 1 1 1,2
2022-03-04 15:16:23.049123,0.4,4 4 4 4 4,1 1 1 1 1,2
2022-03-04 15:16:25.483665,0.4,4 4 4 4 4,1 1 1 1 1,2
2022-03-04 15:16:28.215535,0.4,4 4 4 4 4,1 1 1 1 1,2
2022-03-04 15:16:30.819994,0.4,4 4 4 4 4,1 1 1 1 1,2
2022-03-04 15:16:33.362408,0.4,4 4 4 4 4,1 1 1 1 1,2
2022-03-04 15:16:35.755269,0.4,4 4 4 4 4,1 1 1 1 1,2
2022-03-04 15:16:38.184559,0.4,4 4 4 4 4,1 1 1 1 1,2
2022-03-04 15:16:40.578715,0.4,4 3 4 4 4,1 1 1 1 1,2
2022-03-04 15:16:42.957269,0.4,4 3 4 4 4,1 1 1 1 1,2
2022-03-04 15:16:45.307803,0.5,4 3 4 4 4,1 1 1 1 1,2
2022-03-04 15:16:47.766263,0.4,4 3 4 4 4,1 1 1 1 1,2
2022-03-04 15:16:50.122564,0.4,4 3 4 4 4,1 1 1 1 1,2
2022-03-04 15:16:53.027129,0.4,4 3 4 4 4,1 1 1 1 1,2
2022-03-04 15:16:57.380904,0.4,2 3 4 1 1,1 1 1 1 1,2
2022-03-04 15:17:00.936028,0.4,2 3 2 1 1,1 1 1 1 1,2
2022-03-04 15:17:04.825182,0.4,2 3 2 1 1,1 1 1 1 1,2
2022-03-04 15:17:08.245110,0.4,2 3 2 1 1,1 1 1 1 1,2
2022-03-04 15:17:11.179858,0.4,2 3 2 1 1,1 1 1 1 1,2
2022-03-04 15:17:13.981106,0.4,2 3 2 1 1,1 1 1 1 1,2
2022-03-04 15:17:16.432148,0.4,2 3 2 1 1,1 1 1 1 1,2
2022-03-04 15:17:19.013375,0.4,2 3 2 1 1,1 1 1 1 1,2
2022-03-04 15:17:21.862346,0.4,2 3 2 1 1,1 1 1 1 1,2
2022-03-04 15:17:24.900013,0.4,1 3 2 1 1,1 1 1 1 1,2
2022-03-04 15:17:28.803218,1.4,1 1 1 1 1,1 1 1 1 1,2
2022-03-04 15:17:31.550094,0.4,1 1 1 1 1,1 1 1 1 1,2
2022-03-04 15:17:34.411878,0.4,1 1 1 1 1,1 1 1 1 1,2
2022-03-04 15:17:36.842958,0.4,1 1 1 1 1,1 1 1 1 1,2
2022-03-04 15:17:39.219958,0.4,1 1 1 1 1,1 1 1 1 1,2
2022-03-04 15:17:42.879935,1.0,1 1 1 1 1,1 1 1 1 1,14
2022-03-04 15:17:45.310240,0.4,1 1 1 1 1,1 1 1 1 1,14
2022-03-04 15:17:47.506462,0.5,1 1 1 1 1,1 1 1 1 1,14
2022-03-04 15:17:49.592321,0.4,1 1 1 1 1,1 1 1 1 1,14
2022-03-04 15:17:52.815811,0.4,1 1 1 1 1,1 1 1 1 1,14
2022-03-04 15:17:55.256966,0.6,1 1 1 1 1,3 1 1 1 1,14
2022-03-04 15:17:57.782276,0.4,1 1 1 1 1,3 2 1 1 1,14
2022-03-04 15:18:00.093426,0.5,1 1 1 1 1,3 2 1 1 1,14
2022-03-04 15:18:02.423984,0.5,1 1 1 1 1,3 2 1 1 1,14
2022-03-04 15:18:05.197458,0.4,1 1 1 1 1,3 2 1 1 1,14
2022-03-04 15:18:07.550652,0.6,1 1 1 1 1,3 2 1 1 1,14
2022-03-04 15:18:09.754754,0.4,1 1 1 1 1,3 2 1 1 1,14
2022-03-04 15:18:12.208946,0.4,1 1 1 1 1,3 2 1 1 1,14
2022-03-04 15:18:14.585578,0.5,1 1 1 1 1,3 2 1 1 1,14
2022-03-04 15:18:17.361542,0.5,1 1 1 1 1,3 2 1 1 1,14
2022-03-04 15:18:19.560579,0.5,1 1 1 1 1,3 2 1 1 1,14
2022-03-04 15:18:21.931160,0.5,1 1 1 1 1,3 2 1 1 1,14
2022-03-04 15:18:24.480591,0.5,1 1 1 1 1,155 2 1 1 1,14
2022-03-04 15:18:27.300157,0.5,1 1 1 1 1,155 172 1 1 1,14
2022-03-04 15:18:30.059184,0.5,1 1 1 1 1,155 172 120 1 1,14
2022-03-04 15:18:32.786278,0.4,1 1 1 1 1,155 172 120 1 1,14
2022-03-04 15:18:35.357521,0.5,1 1 1 1 1,155 172 120 1 1,14
2022-03-04 15:18:38.023952,0.4,1 1 1 1 1,155 172 120 1 1,14
2022-03-04 15:18:40.624089,0.5,4 1 1 1 1,155 172 120 1 1,14
2022-03-04 15:18:43.093825,0.5,4 4 3 1 1,155 172 120 1 1,14
2022-03-04 15:18:45.481600,0.4,4 4 3 1 1,155 172 120 1 1,14
2022-03-04 15:18:47.870893,0.5,4 4 3 1 1,155 172 120 1 1,14
2022-03-04 15:18:50.258613,0.4,4 4 3 1 1,155 172 120 1 1,14
2022-03-04 15:18:52.778699,0.5,4 4 3 1 1,155 172 120 1 1,14
2022-03-04 15:18:55.505404,0.4,4 4 3 1 1,155 172 120 164 187,14
2022-03-04 15:18:58.064200,0.4,4 4 3 1 1,155 172 120 164 187,14
2022-03-04 15:19:01.083549,0.5,4 4 3 1 1,155 172 120 164 187,14
2022-03-04 15:19:03.616728,0.5,4 4 3 1 1,155 172 120 164 187,14
2022-03-04 15:19:07.180551,0.4,4 4 3 1 1,155 172 120 164 187,14
2022-03-04 15:19:10.083640,0.4,4 4 3 1 4,155 172 120 164 187,14
2022-03-04 15:19:13.037175,0.4,4 4 3 4 4,155 172 120 164 187,14
2022-03-04 15:19:15.938583,0.4,4 4 3 4 4,155 172 120 164 187,14
2022-03-04 15:19:19.296127,0.4,4 4 3 4 4,155 172 120 164 187,14
2022-03-04 15:19:22.568638,0.4,4 4 3 4 4,155 172 120 164 187,14
2022-03-04 15:19:25.735053,0.4,4 4 3 4 4,38 172 120 164 187,14
2022-03-04 15:19:28.790890,0.4,4 4 3 4 4,38 59 91 164 187,14
2022-03-04 15:19:31.860570,0.4,4 4 3 4 4,38 59 91 164 187,14
2022-03-04 15:19:35.136920,0.4,4 4 3 4 4,38 59 91 164 187,14
2022-03-04 15:19:38.320908,0.4,4 4 3 4 4,38 59 91 164 187,14
2022-03-04 15:19:41.807848,0.4,4 4 3 4 4,38 59 91 164 187,14
2022-03-04 15:19:46.084300,0.4,4 5 6 4 4,38 59 91 164 187,14
2022-03-04 15:19:49.454144,0.5,4 5 6 4 4,38 59 91 164 187,14
2022-03-04 15:19:53.360523,0.4,4 5 6 4 4,38 59 91 164 187,14
2022-03-04 15:19:56.355086,0.4,4 5 6 4 4,61 59 91 61 47,14
2022-03-04 15:19:59.406643,0.5,4 5 6 4 4,61 59 91 61 47,14
2022-03-04 15:20:02.259694,0.4,4 5 6 4 4,61 59 91 61 47,14
2022-03-04 15:20:05.273361,0.4,4 5 6 4 4,61 59 91 61 47,14
2022-03-04 15:20:08.391914,0.5,4 5 6 4 4,61 59 91 61 47,14
2022-03-04 15:20:11.447149,0.4,5 5 6 5 4,61 59 91 61 47,14
2022-03-04 15:20:15.193036,0.5,5 5 6 5 4,61 59 91 61 47,14
2022-03-04 15:20:19.049722,0.5,5 5 6 5 4,61 59 91 61 47,14
2022-03-04 15:20:22.276113,0.5,5 5 6 5 4,61 59 91 61 47,14
2022-03-04 15:20:25.521394,0.4,5 5 6 5 4,61 59 91 61 67,14
2022-03-04 15:20:28.505856,0.4,5 5 6 5 4,61 49 41 61 67,14
2022-03-04 15:20:31.469909,0.4,5 5 6 5 4,61 49 41 61 67,14
2022-03-04 15:20:34.413825,0.4,5 5 6 5 4,61 49 41 61 67,14
2022-03-04 15:20:37.470513,0.5,5 5 6 5 4,61 49 41 61 67,14
2022-03-04 15:20:40.222995,0.4,5 5 6 5 6,61 49 41 61 67,14
2022-03-04 15:20:42.957796,0.5,5 5 6 5 6,61 49 41 61 67,14
2022-03-04 15:20:45.739804,0.4,5 5 6 5 6,61 49 41 61 67,14
2022-03-04 15:20:49.029946,0.4,5 5 6 5 6,61 49 41 61 67,14
2022-03-04 15:20:52.630143,0.4,5 5 6 5 6,61 49 41 61 67,14
2022-03-04 15:20:57.092595,0.4,5 5 6 5 6,50 49 41 61 67,14
2022-03-04 15:21:00.826473,0.5,5 5 6 5 6,50 35 41 57 67,14
2022-03-04 15:21:05.203365,0.7,5 5 6 5 6,50 35 41 57 67,14
2022-03-04 15:21:08.814394,0.4,5 5 6 5 6,50 35 41 57 67,14
2022-03-04 15:21:11.901277,0.5,5 5 6 5 6,50 35 41 57 67,14
2022-03-04 15:21:14.728322,0.4,5 5 6 5 6,50 35 41 57 67,14
2022-03-04 15:21:17.578920,0.4,5 5 6 5 6,50 35 41 57 67,14
2022-03-04 15:21:20.371770,0.4,5 5 6 5 6,50 35 41 57 67,14
2022-03-04 15:21:23.081249,0.4,5 5 6 5 6,50 35 41 57 67,14
2022-03-04 15:21:25.921753,0.4,5 5 6 5 6,43 35 41 57 50,2
2022-03-04 15:21:29.685187,0.5,5 5 6 5 6,43 44 44 57 50,2
2022-03-04 15:21:33.264173,0.4,5 5 6 5 6,43 44 44 57 50,2
2022-03-04 15:21:36.421175,0.4,5 5 6 5 6,43 44 44 57 50,2
2022-03-04 15:21:39.291789,0.4,5 5 6 5 6,43 44 44 57 50,2
2022-03-04 15:21:42.518348,0.4,5 5 6 5 6,43 44 44 57 50,2
2022-03-04 15:21:45.471741,0.4,5 5 6 5 6,43 44 44 57 50,2
2022-03-04 15:21:48.396642,0.4,5 5 6 5 6,43 44 44 57 50,2
2022-03-04 15:21:51.481639,0.5,5 5 6 5 6,43 44 44 57 50,2
2022-03-04 15:21:54.457732,0.4,5 5 6 5 6,43 44 44 57 50,2
2022-03-04 15:21:57.279630,0.4,5 5 6 5 6,43 37 44 57 50,2
2022-03-04 15:22:00.122941,0.4,5 5 6 5 6,43 37 35 57 50,2
2022-03-04 15:22:02.717557,0.4,5 5 6 5 6,43 37 35 57 50,2
2022-03-04 15:22:05.592915,0.4,5 5 6 5 6,43 37 35 57 50,2
2022-03-04 15:22:08.391443,0.4,5 5 6 5 6,43 37 35 57 50,2
2022-03-04 15:22:12.065526,0.4,5 5 6 5 6,43 37 35 57 50,2
2022-03-04 15:22:15.648578,0.4,5 5 6 5 6,43 37 35 57 50,2
2022-03-04 15:22:18.902949,0.4,5 5 6 5 6,43 37 35 57 50,2
2022-03-04 15:22:21.878456,0.4,5 5 6 5 6,43 37 35 57 50,2
2022-03-04 15:22:25.254753,0.4,5 5 6 5 6,43 37 35 57 1,2
2022-03-04 15:22:28.047260,0.4,5 5 6 5 6,10 5 35 1 1,2
2022-03-04 15:22:30.814027,0.4,5 5 6 5 6,10 5 5 1 1,2
2022-03-04 15:22:33.591869,0.4,5 5 6 5 6,10 5 5 1 1,2
2022-03-04 15:22:36.484836,0.5,5 5 6 5 6,10 5 5 1 1,2
2022-03-04 15:22:39.108091,0.4,5 5 6 5 6,10 5 5 1 1,2
2022-03-04 15:22:41.735818,0.4,5 5 6 5 6,10 5 5 1 1,2
2022-03-04 15:22:44.382778,0.4,5 5 6 5 6,10 5 5 1 1,2
2022-03-04 15:22:46.842511,0.4,5 5 6 5 6,10 5 5 1 1,2
2022-03-04 15:22:49.367476,0.4,5 5 6 5 6,10 5 5 1 1,2
2022-03-04 15:22:52.080259,0.5,5 5 6 5 6,10 5 5 1 1,2
2022-03-04 15:22:54.738380,0.4,5 5 6 5 6,10 5 5 1 1,2
2022-03-04 15:22:57.248876,0.4,5 5 6 5 6,10 5 5 1 1,2
2022-03-04 15:22:59.862517,0.4,5 5 6 5 6,10 5 5 1 1,2
2022-03-04 15:23:02.381417,0.4,5 5 6 5 6,10 5 5 1 1,2
2022-03-04 15:23:05.182532,0.4,5 5 6 5 6,10 5 5 1 1,2
2022-03-04 15:23:08.020589,0.4,5 5 6 5 6,10 5 5 1 1,2
2022-03-04 15:23:10.683440,0.5,5 5 6 5 6,10 5 5 1 1,2
2022-03-04 15:23:13.774114,0.4,5 5 6 5 6,10 5 5 1 1,2
2022-03-04 15:23:16.650649,0.4,5 5 6 5 6,10 5 5 1 1,2
2022-03-04 15:23:19.262150,0.4,5 5 6 5 6,10 5 5 1 1,2
2022-03-04 15:23:21.749422,0.4,5 5 6 5 6,10 5 5 1 1,2
2022-03-04 15:23:24.450514,0.4,5 5 6 5 6,10 5 5 1 1,2
2022-03-04 15:23:27.111278,0.4,5 5 6 5 6,1 1 5 1 1,2
2022-03-04 15:23:29.885766,0.4,5 5 6 5 6,1 1 1 1 1,2
2022-03-04 15:23:32.428672,0.4,5 5 6 5 6,1 1 1 1 1,2
2022-03-04 15:23:35.034176,0.4,5 5 6 5 6,1 1 1 1 1,2
2022-03-04 15:23:37.756089,0.4,5 5 6 5 6,1 1 1 1 1,2
2022-03-04 15:23:40.220056,0.4,5 5 6 5 6,1 1 1 1 1,2
2022-03-04 15:23:42.794893,0.4,5 5 6 5 6,1 1 1 1 1,2
2022-03-04 15:23:45.351040,0.4,5 5 6 5 6,1 1 1 1 1,2
2022-03-04 15:23:47.810379,0.4,5 5 6 5 6,1 1 1 1 1,2
2022-03-04 15:23:50.317917,0.4,5 5 6 5 6,1 1 1 1 1,2
2022-03-04 15:23:52.759870,0.4,5 5 6 5 6,1 1 1 1 1,2
2022-03-04 15:23:55.294087,0.4,5 5 6 5 6,1 1 1 1 1,2
2022-03-04 15:23:57.758012,0.4,5 5 6 5 6,1 1 1 1 1,2
2022-03-04 15:24:00.248956,0.4,5 5 6 5 6,1 1 1 1 1,2
2022-03-04 15:24:02.530703,0.4,5 5 6 5 6,1 1 1 1 1,2
2022-03-04 15:24:04.874213,0.4,5 5 6 5 6,1 1 1 1 1,2
2022-03-04 15:24:07.257541,0.4,5 5 6 5 6,1 1 1 1 1,2
2022-03-04 15:24:09.542132,0.4,5 5 6 5 6,1 1 1 1 1,2
2022-03-04 15:24:11.882901,0.4,5 5 6 5 6,1 1 1 1 1,2
2022-03-04 15:24:14.350807,0.4,5 5 6 5 6,1 1 1 1 1,2
2022-03-04 15:24:16.702398,0.4,5 5 6 5 6,1 1 1 1 1,2
2022-03-04 15:24:19.095810,0.4,5 5 6 5 6,1 1 1 1 1,2
2022-03-04 15:24:21.509027,0.4,5 5 6 5 6,1 1 1 1 1,2
2022-03-04 15:24:24.049009,0.4,5 5 6 5 6,1 1 1 1 1,2
2022-03-04 15:24:26.501503,0.4,5 5 6 5 6,1 1 1 1 1,2
2022-03-04 15:24:28.796331,0.4,5 5 6 5 6,1 1 1 1 1,2
2022-03-04 15:24:31.118564,0.4,5 5 6 5 6,1 1 1 1 1,2
2022-03-04 15:24:33.436303,0.4,5 5 6 5 6,1 1 1 1 1,2
2022-03-04 15:24:35.735921,0.4,5 5 6 5 6,1 1 1 1 1,2
2022-03-04 15:24:38.068797,0.4,5 5 6 5 6,1 1 1 1 1,2
2022-03-04 15:24:40.430074,0.4,5 5 6 5 6,1 1 1 1 1,2
2022-03-04 15:24:42.781584,0.4,5 5 6 5 6,1 1 1 1 1,2
2022-03-04 15:24:45.160328,0.4,5 5 6 5 6,1 1 1 1 1,2
2022-03-04 15:24:47.695180,0.4,5 5 6 5 6,1 1 1 1 1,2
2022-03-04 15:24:50.150483,0.4,5 5 6 5 6,1 1 1 1 1,2
2022-03-04 15:24:52.560866,0.4,5 5 6 5 6,1 1 1 1 1,2
2022-03-04 15:24:55.083478,0.4,5 5 6 5 6,1 1 1 1 1,2
2022-03-04 15:24:58.639587,1.4,5 5 6 5 6,1 1 1 1 1,2
2022-03-04 15:25:01.099422,0.4,5 5 6 5 6,1 1 1 1 1,2
2022-03-04 15:25:03.409524,0.4,5 5 6 5 6,1 1 1 1 1,2
2022-03-04 15:25:05.733800,0.4,5 5 6 5 6,1 1 1 1 1,2
2022-03-04 15:25:09.287307,0.4,5 5 6 5 6,1 1 1 1 1,2
2022-03-04 15:25:11.976488,0.4,5 5 6 5 6,1 1 1 1 1,2
2022-03-04 15:25:14.651993,0.4,5 5 6 5 6,1 1 1 1 1,2
2022-03-04 15:25:17.330529,0.4,5 5 6 5 6,1 1 1 1 1,2
2022-03-04 15:25:19.927271,0.4,5 5 6 5 6,1 1 1 1 1,2
2022-03-04 15:25:22.585865,0.5,5 5 6 5 6,1 1 1 1 1,2
2022-03-04 15:25:25.651994,0.5,5 5 6 5 6,1 1 1 1 1,2
2022-03-04 15:25:28.430020,0.5,5 5 6 5 6,1 1 1 1 1,2
2022-03-04 15:25:31.209948,0.4,5 5 6 5 6,1 1 1 1 1,2
2022-03-04 15:25:33.585904,0.4,5 5 6 5 6,1 1 1 1 1,2
2022-03-04 15:25:36.102879,0.4,5 5 6 5 6,1 1 1 1 1,2
2022-03-04 15:25:38.569234,0.4,5 5 6 5 6,1 1 1 1 1,2
2022-03-04 15:25:41.041144,0.4,5 5 6 5 6,1 1 1 1 1,2
2022-03-04 15:25:43.738456,0.4,5 5 6 5 6,1 1 1 1 1,2
2022-03-04 15:25:46.251650,0.4,5 5 6 5 6,1 1 1 1 1,2
2022-03-04 15:25:48.713103,0.4,5 5 6 5 6,1 1 1 1 1,2
2022-03-04 15:25:51.190491,0.4,5 5 6 5 6,1 1 1 1 1,2
2022-03-04 15:25:53.704946,0.4,5 5 6 5 6,1 1 1 1 1,2
2022-03-04 15:25:56.104696,0.4,5 5 6 5 6,1 1 1 1 1,2
2022-03-04 15:25:58.413601,0.4,5 5 6 5 6,1 1 1 1 1,2
2022-03-04 15:26:00.723489,0.4,5 5 6 5 6,1 1 1 1 1,2
2022-03-04 15:26:03.067744,0.5,5 5 6 5 6,1 1 1 1 1,2
2022-03-04 15:26:05.413964,0.4,5 5 6 5 6,1 1 1 1 1,2
2022-03-04 15:26:08.247960,0.4,5 5 6 5 6,1 1 1 1 1,2
2022-03-04 15:26:10.731034,0.4,5 5 6 5 6,1 1 1 1 1,2
2022-03-04 15:26:13.607442,0.4,5 5 6 5 6,1 1 1 1 1,2
2022-03-04 15:26:16.655417,0.4,5 5 6 5 6,1 1 1 1 1,2
2022-03-04 15:26:19.130620,0.4,5 5 6 5 6,1 1 1 1 1,2
2022-03-04 15:26:21.604096,0.4,5 5 6 5 6,1 1 1 1 1,2
2022-03-04 15:26:24.013505,0.4,5 5 6 5 6,1 1 1 1 1,2
2022-03-04 15:26:26.498505,0.4,4 5 6 5 6,1 1 1 1 1,2
2022-03-04 15:26:29.316851,0.4,4 5 4 5 6,1 1 1 1 1,2
2022-03-04 15:26:32.488776,0.4,4 5 4 5 6,1 1 1 1 1,2
2022-03-04 15:26:35.712701,0.4,4 5 4 5 6,1 1 1 1 1,2
2022-03-04 15:26:39.053815,0.5,4 5 4 5 6,1 1 1 1 1,2
2022-03-04 15:26:41.492810,0.4,4 5 4 5 6,1 1 1 1 1,2
2022-03-04 15:26:43.970814,0.4,4 5 4 5 6,1 1 1 1 1,2
2022-03-04 15:26:46.474810,0.4,4 5 4 5 6,1 1 1 1 1,2
2022-03-04 15:26:48.855812,0.4,4 5 4 5 6,1 1 1 1 1,2
2022-03-04 15:26:51.680565,0.4,4 5 4 5 6,1 1 1 1 1,2
2022-03-04 15:26:54.958413,0.6,4 5 4 5 6,1 1 1 1 1,2
2022-03-04 15:26:57.305118,0.4,4 4 4 5 6,1 1 1 1 1,2
2022-03-04 15:26:59.668567,0.4,4 4 3 5 6,1 1 1 1 1,2
2022-03-04 15:27:02.010798,0.4,4 4 3 5 6,1 1 1 1 1,2
2022-03-04 15:27:04.496802,0.4,4 4 3 5 6,1 1 1 1 1,2
2022-03-04 15:27:07.106831,0.4,4 4 3 5 6,1 1 1 1 1,2
2022-03-04 15:27:09.830953,0.4,4 4 3 5 6,1 1 1 1 1,2
2022-03-04 15:27:12.496305,0.5,4 4 3 5 6,1 1 1 1 1,2
2022-03-04 15:27:15.117199,0.4,4 4 3 5 6,1 1 1 1 1,2
2022-03-04 15:27:17.535060,0.4,4 4 3 5 6,1 1 1 1 1,2
2022-03-04 15:27:20.062265,0.4,4 4 3 5 6,1 1 1 1 1,2
2022-03-04 15:27:22.573249,0.5,4 4 3 5 6,1 1 1 1 1,2
2022-03-04 15:27:24.981495,0.4,4 4 3 5 1,1 1 1 1 1,2
2022-03-04 15:27:27.281932,0.4,1 1 3 1 1,1 1 1 1 1,2
2022-03-04 15:27:29.741762,0.4,1 1 1 1 1,1 1 1 1 1,2
2022-03-04 15:27:32.122276,0.4,1 1 1 1 1,1 1 1 1 1,2
2022-03-04 15:27:34.520310,0.4,1 1 1 1 1,1 1 1 1 1,2
2022-03-04 15:27:36.809868,0.4,1 1 1 1 1,1 1 1 1 1,2
2022-03-04 15:27:39.659972,0.4,1 1 1 1 1,1 1 1 1 1,2
2022-03-04 15:27:42.172752,0.5,1 1 1 1 1,1 1 1 1 1,2
2022-03-04 15:27:45.280410,0.9,1 1 1 1 1,1 1 1 1 1,14
2022-03-04 15:27:47.643035,0.4,1 1 1 1 1,1 1 1 1 1,14
2022-03-04 15:27:49.679883,0.5,1 1 1 1 1,1 1 1 1 1,14
2022-03-04 15:27:52.341898,0.4,1 1 1 1 1,1 1 1 1 1,14
2022-03-04 15:27:54.586273,0.5,1 1 1 1 1,1 1 1 1 2,14
2022-03-04 15:27:56.651871,0.5,1 1 1 1 1,1 2 1 2 2,14
2022-03-04 15:27:58.901624,0.5,1 1 1 1 1,1 2 1 2 2,14
2022-03-04 15:28:01.180462,0.6,1 1 1 1 1,1 2 1 2 2,14
2022-03-04 15:28:03.417717,0.5,1 1 1 1 1,1 2 1 2 2,14
2022-03-04 15:28:05.604270,0.5,1 1 1 1 1,1 2 1 2 2,14
2022-03-04 15:28:07.885326,0.5,1 1 1 1 1,1 2 1 2 2,14
2022-03-04 15:28:10.229241,0.6,1 1 1 1 1,1 2 1 2 2,14
2022-03-04 15:28:12.557931,0.4,1 1 1 1 1,1 2 1 2 2,14
2022-03-04 15:28:14.761257,0.6,1 1 1 1 1,1 2 1 2 2,14
2022-03-04 15:28:17.362667,0.5,1 1 1 1 1,1 2 1 2 2,14
2022-03-04 15:28:19.726935,0.6,1 1 1 1 1,1 2 1 2 2,14
2022-03-04 15:28:21.906406,0.5,1 1 1 1 1,1 2 1 2 2,14
2022-03-04 15:28:25.320743,0.5,1 1 1 1 1,1 2 1 2 184,14
2022-03-04 15:28:27.873985,0.5,1 1 1 1 1,1 187 1 89 184,14
2022-03-04 15:28:30.595869,0.4,1 1 1 1 1,1 187 162 89 184,14
2022-03-04 15:28:33.719457,0.6,1 1 1 1 1,1 187 162 89 184,14
2022-03-04 15:28:36.583599,0.5,1 1 1 1 1,1 187 162 89 184,14
2022-03-04 15:28:39.207626,0.5,1 1 1 1 1,1 187 162 89 184,14
2022-03-04 15:28:41.723118,0.5,1 1 1 2 4,1 187 162 89 184,14
2022-03-04 15:28:44.548555,0.5,1 4 4 2 4,1 187 162 89 184,14
2022-03-04 15:28:47.613394,0.4,1 4 4 2 4,1 187 162 89 184,14
2022-03-04 15:28:50.549144,0.4,1 4 4 2 4,1 187 162 89 184,14
2022-03-04 15:28:53.267984,0.4,1 4 4 2 4,1 187 162 89 184,14
2022-03-04 15:28:56.136165,0.5,1 4 4 2 4,1 187 162 89 184,14
2022-03-04 15:28:58.799474,0.4,1 4 4 2 4,178 187 162 77 184,14
2022-03-04 15:29:02.150193,0.4,1 4 4 2 4,178 187 162 77 184,14
2022-03-04 15:29:04.882445,0.5,1 4 4 2 4,178 187 162 77 184,14
2022-03-04 15:29:07.600021,0.5,1 4 4 2 4,178 187 162 77 184,14
2022-03-04 15:29:10.335022,0.5,1 4 4 2 4,178 187 162 77 184,14
2022-03-04 15:29:12.866029,0.5,4 4 4 4 4,178 187 162 77 184,14
2022-03-04 15:29:20.326754,0.5,4 4 4 4 4,178 187 162 77 184,14
2022-03-04 15:29:23.103916,0.4,4 4 4 4 4,178 187 162 77 184,14
2022-03-04 15:29:25.870193,0.4,4 4 4 4 4,178 187 162 77 39,14
2022-03-04 15:29:28.387836,0.4,4 4 4 4 4,178 37 162 77 39,14
2022-03-04 15:29:31.615604,0.5,4 4 4 4 4,178 37 50 77 39,14
2022-03-04 15:29:34.603238,0.4,4 4 4 4 4,178 37 50 77 39,14
2022-03-04 15:29:37.238575,0.4,4 4 4 4 4,178 37 50 77 39,14
2022-03-04 15:29:40.485263,0.4,4 4 4 4 4,178 37 50 77 39,14
2022-03-04 15:29:43.100535,0.4,4 4 4 4 4,178 37 50 77 39,14
2022-03-04 15:29:46.005656,0.4,4 4 4 4 4,178 37 50 77 39,14
2022-03-04 15:29:49.133391,0.5,4 4 4 4 4,178 37 50 77 39,14
2022-03-04 15:29:52.205858,0.5,4 4 4 4 4,178 37 50 77 39,14
2022-03-04 15:29:55.616412,0.4,4 4 4 4 4,178 37 50 77 39,14
2022-03-04 15:29:58.653171,0.4,4 4 4 4 4,38 37 50 54 39,2
2022-03-04 15:30:01.505800,0.4,4 4 4 4 4,38 37 50 54 39,2
2022-03-04 15:30:04.409512,0.4,4 4 4 4 4,38 37 50 54 39,2
2022-03-04 15:30:07.196892,0.4,4 4 4 4 4,38 37 50 54 39,2
2022-03-04 15:30:09.936530,0.5,4 4 4 4 4,38 37 50 54 39,2
2022-03-04 15:30:12.844118,0.4,4 4 4 4 4,38 37 50 54 39,2
2022-03-04 15:30:16.628502,0.4,4 4 4 4 4,38 37 50 54 39,2
2022-03-04 15:30:19.945861,0.4,4 4 4 4 4,38 37 50 54 39,2
2022-03-04 15:30:23.004878,0.4,4 4 4 4 4,38 37 50 54 39,2
2022-03-04 15:30:25.791306,0.4,4 4 4 4 4,38 37 50 54 49,2
2022-03-04 15:30:28.464702,0.4,4 4 4 4 4,40 48 50 54 49,2
2022-03-04 15:30:31.279474,0.4,4 4 4 4 4,40 48 46 54 49,2
2022-03-04 15:30:34.166368,0.4,4 4 4 4 4,40 48 46 54 49,2
2022-03-04 15:30:37.492395,0.4,4 4 4 4 4,40 48 46 54 49,2
2022-03-04 15:30:40.238787,0.5,4 4 4 4 4,40 48 46 54 49,2
2022-03-04 15:30:42.846950,0.4,4 4 4 4 4,40 48 46 54 49,2
2022-03-04 15:30:45.403535,0.5,4 4 4 4 4,40 48 46 54 49,2
2022-03-04 15:30:48.173071,0.4,4 4 4 4 4,40 48 46 54 49,2
2022-03-04 15:30:50.767778,0.4,4 4 4 4 4,40 48 46 54 49,2
2022-03-04 15:30:53.287953,0.4,4 4 4 4 4,40 48 46 54 49,2
2022-03-04 15:30:55.993821,0.5,4 4 4 4 4,40 48 46 54 13,2
2022-03-04 15:30:58.656287,0.4,4 4 4 4 4,1 1 46 21 13,2
2022-03-04 15:31:01.365180,0.4,4 4 4 4 4,1 1 12 21 13,2
2022-03-04 15:31:04.078940,0.4,4 4 4 4 4,1 1 12 21 13,2
2022-03-04 15:31:06.832205,0.4,4 4 4 4 4,1 1 12 21 13,2
2022-03-04 15:31:09.865788,0.4,4 4 4 4 4,1 1 12 21 13,2
2022-03-04 15:31:12.835784,0.4,4 4 4 4 4,1 1 12 21 13,2
2022-03-04 15:31:16.001785,0.4,4 4 4 4 4,1 1 12 21 13,2
2022-03-04 15:31:19.104784,0.4,4 4 4 4 4,1 1 12 21 13,2
2022-03-04 15:31:22.182923,0.4,4 4 4 4 4,1 1 12 21 13,2
2022-03-04 15:31:25.896166,0.4,4 4 4 4 4,1 1 12 21 1,2
2022-03-04 15:31:29.181316,0.4,4 4 4 4 4,1 1 12 1 1,2
2022-03-04 15:31:32.357066,0.4,4 4 4 4 4,1 1 12 1 1,2
2022-03-04 15:31:35.556258,0.4,4 4 4 4 4,1 1 12 1 1,2
2022-03-04 15:31:38.181240,0.4,4 4 4 4 4,1 1 12 1 1,2
2022-03-04 15:31:40.758945,0.4,4 4 4 4 4,1 1 12 1 1,2
2022-03-04 15:31:43.221113,0.4,4 4 4 4 4,1 1 12 1 1,2
2022-03-04 15:31:45.719653,0.4,4 4 4 4 4,1 1 12 1 1,2
2022-03-04 15:31:48.138022,0.4,4 4 4 4 4,1 1 12 1 1,2
2022-03-04 15:31:50.822042,0.4,4 4 4 4 4,1 1 12 1 1,2
2022-03-04 15:31:53.612404,0.4,4 4 4 4 4,1 1 12 1 1,2
2022-03-04 15:31:56.279404,0.4,4 4 4 4 4,1 1 12 1 1,2
2022-03-04 15:31:59.314779,0.4,4 4 4 4 4,1 1 12 1 1,2
2022-03-04 15:32:02.015280,0.4,4 4 4 4 4,1 1 1 1 1,2
2022-03-04 15:32:04.487604,0.4,4 4 4 4 4,1 1 1 1 1,2
2022-03-04 15:32:07.149605,0.4,4 4 4 4 4,1 1 1 1 1,2
2022-03-04 15:32:09.627606,0.4,4 4 4 4 4,1 1 1 1 1,2
2022-03-04 15:32:12.147605,0.4,4 4 4 4 4,1 1 1 1 1,2
2022-03-04 15:32:14.579607,0.4,4 4 4 4 4,1 1 1 1 1,2
2022-03-04 15:32:17.130613,0.4,4 4 4 4 4,1 1 1 1 1,2
2022-03-04 15:32:19.679603,0.4,4 4 4 4 4,1 1 1 1 1,2
2022-03-04 15:32:22.348601,0.4,4 4 4 4 4,1 1 1 1 1,2
2022-03-04 15:32:25.176525,0.4,4 4 4 4 4,1 1 1 1 1,2
2022-03-04 15:32:27.713530,0.5,4 4 4 4 4,1 1 1 1 1,2
2022-03-04 15:32:30.388522,0.4,4 4 4 4 4,1 1 1 1 1,2
2022-03-04 15:32:32.886523,0.4,4 4 4 4 4,1 1 1 1 1,2
2022-03-04 15:32:35.184530,0.4,4 4 4 4 4,1 1 1 1 1,2
2022-03-04 15:32:37.552523,0.4,4 4 4 4 4,1 1 1 1 1,2
2022-03-04 15:32:39.930118,0.4,4 4 4 4 4,1 1 1 1 1,2
2022-03-04 15:32:42.496411,0.4,4 4 4 4 4,1 1 1 1 1,2
2022-03-04 15:32:45.338407,0.4,4 4 4 4 4,1 1 1 1 1,2
2022-03-04 15:32:47.728432,0.4,4 4 4 4 4,1 1 1 1 1,2
2022-03-04 15:32:50.193413,0.4,4 4 4 4 4,1 1 1 1 1,2
2022-03-04 15:32:52.712462,0.4,4 4 4 4 4,1 1 1 1 1,2
2022-03-04 15:32:55.342459,0.4,4 4 4 4 4,1 1 1 1 1,2
2022-03-04 15:32:58.196249,0.4,4 4 4 4 4,1 1 1 1 1,2
2022-03-04 15:33:00.967776,0.4,4 4 4 4 4,1 1 1 1 1,2
2022-03-04 15:33:05.617340,1.2,4 4 4 4 4,1 1 1 1 1,2
2022-03-04 15:33:08.350336,0.4,4 4 4 4 4,1 1 1 1 1,2
2022-03-04 15:33:11.984172,0.4,4 4 4 4 4,1 1 1 1 1,2
2022-03-04 15:33:14.601176,0.4,4 4 4 4 4,1 1 1 1 1,2
2022-03-04 15:33:17.105249,0.4,4 4 4 4 4,1 1 1 1 1,2
2022-03-04 15:33:19.788179,0.4,4 4 4 4 4,1 1 1 1 1,2
2022-03-04 15:33:23.130585,0.4,4 4 4 4 4,1 1 1 1 1,2
2022-03-04 15:33:25.761677,0.4,4 4 4 4 4,1 1 1 1 1,2
2022-03-04 15:33:28.444079,0.4,4 4 4 4 4,1 1 1 1 1,2
2022-03-04 15:33:31.080751,0.4,4 4 4 4 4,1 1 1 1 1,2
2022-03-04 15:33:33.878271,0.4,4 4 4 4 4,1 1 1 1 1,2
2022-03-04 15:33:36.661660,0.4,4 4 4 4 4,1 1 1 1 1,2
2022-03-04 15:33:39.296367,0.4,4 4 4 4 4,1 1 1 1 1,2
2022-03-04 15:33:41.951620,0.4,4 4 4 4 4,1 1 1 1 1,2
2022-03-04 15:33:44.472323,0.4,4 4 4 4 4,1 1 1 1 1,2
2022-03-04 15:33:47.119930,0.4,4 4 4 4 4,1 1 1 1 1,2
2022-03-04 15:33:50.140295,0.4,4 4 4 4 4,1 1 1 1 1,2
2022-03-04 15:33:53.708831,0.4,4 4 4 4 4,1 1 1 1 1,2
2022-03-04 15:33:56.479834,0.4,4 4 4 4 4,1 1 1 1 1,2
2022-03-04 15:33:59.114453,0.4,4 4 4 4 4,1 1 1 1 1,2
2022-03-04 15:34:02.193354,0.4,4 4 4 4 4,1 1 1 1 1,2
2022-03-04 15:34:04.602761,0.4,4 4 4 4 4,1 1 1 1 1,2
2022-03-04 15:34:07.204168,0.4,4 4 4 4 4,1 1 1 1 1,2
2022-03-04 15:34:10.906584,1.4,4 4 4 4 4,1 1 1 1 1,2
2022-03-04 15:34:14.614530,1.4,4 4 4 4 4,1 1 1 1 1,2
2022-03-04 15:34:17.202268,0.4,4 4 4 4 4,1 1 1 1 1,2
2022-03-04 15:34:19.821618,0.4,4 4 4 4 4,1 1 1 1 1,2
2022-03-04 15:34:22.558335,0.4,4 4 4 4 4,1 1 1 1 1,2
2022-03-04 15:34:25.345157,0.4,4 4 4 4 4,1 1 1 1 1,2
2022-03-04 15:34:28.038013,0.4,4 2 4 4 4,1 1 1 1 1,2
2022-03-04 15:34:30.699960,0.4,4 2 4 4 4,1 1 1 1 1,2
2022-03-04 15:34:33.175896,0.4,4 2 4 4 4,1 1 1 1 1,2
2022-03-04 15:34:35.813135,0.5,4 2 4 4 4,1 1 1 1 1,2
2022-03-04 15:34:38.395191,0.4,4 2 4 4 4,1 1 1 1 1,2
2022-03-04 15:34:40.858573,0.4,4 2 4 4 4,1 1 1 1 1,2
2022-03-04 15:34:43.146099,0.4,4 2 4 4 4,1 1 1 1 1,2
2022-03-04 15:34:45.500697,0.4,4 2 4 4 4,1 1 1 1 1,2
2022-03-04 15:34:47.887234,0.4,4 2 4 4 4,1 1 1 1 1,2
2022-03-04 15:34:50.125989,0.4,4 2 4 4 4,1 1 1 1 1,2
2022-03-04 15:34:52.393623,0.4,4 2 4 4 4,1 1 1 1 1,2
2022-03-04 15:34:55.247636,0.4,4 2 4 4 4,1 1 1 1 1,2
2022-03-04 15:34:57.571481,0.4,4 2 4 4 4,1 1 1 1 1,2
2022-03-04 15:34:59.850941,0.4,4 2 4 4 4,1 1 1 1 1,2
2022-03-04 15:35:02.335669,0.4,4 2 4 4 4,1 1 1 1 1,2
2022-03-04 15:35:04.779916,0.4,4 2 4 4 4,1 1 1 1 1,2
2022-03-04 15:35:07.217103,0.4,4 2 4 4 4,1 1 1 1 1,2
2022-03-04 15:35:09.908779,0.5,4 2 4 4 4,1 1 1 1 1,2
2022-03-04 15:35:12.389330,0.4,4 2 4 4 4,1 1 1 1 1,2
2022-03-04 15:35:14.750059,0.4,4 2 4 4 4,1 1 1 1 1,2
2022-03-04 15:35:17.145862,0.4,4 2 4 4 4,1 1 1 1 1,2
2022-03-04 15:35:19.399509,0.4,4 2 4 4 4,1 1 1 1 1,2
2022-03-04 15:35:22.024644,0.4,4 2 4 4 4,1 1 1 1 1,2
2022-03-04 15:35:24.562519,0.4,4 2 4 4 4,1 1 1 1 1,2
2022-03-04 15:35:27.072513,0.4,4 2 4 4 4,1 1 1 1 1,2
2022-03-04 15:35:29.361456,0.4,4 2 4 4 4,1 2 1 1 1,2
2022-03-04 15:35:31.631123,0.4,4 2 4 4 4,1 2 1 1 1,2
2022-03-04 15:35:33.763948,0.4,4 2 4 4 4,1 2 1 1 1,2
2022-03-04 15:35:35.903013,0.4,4 2 4 4 4,1 2 1 1 1,2
2022-03-04 15:35:38.545096,0.4,4 2 4 4 4,1 2 1 1 1,2
2022-03-04 15:35:42.726572,0.4,4 2 4 4 4,1 2 1 1 1,2
2022-03-04 15:35:45.108756,0.4,4 2 4 4 4,1 2 1 1 1,2
2022-03-04 15:35:48.544293,0.4,4 2 4 4 4,1 2 1 1 1,2
2022-03-04 15:35:51.093850,0.4,4 2 4 4 4,1 2 1 1 1,2
2022-03-04 15:35:53.489400,0.4,4 2 4 4 4,1 2 1 1 1,2
2022-03-04 15:35:56.367012,0.4,4 2 4 2 2,1 2 1 1 1,2
2022-03-04 15:35:59.274670,0.4,1 1 4 2 2,1 1 1 1 1,2
2022-03-04 15:36:01.859744,0.4,1 1 1 2 2,1 1 1 1 1,2
2022-03-04 15:36:04.837325,0.4,1 1 1 2 2,1 1 1 1 1,2
2022-03-04 15:36:07.150176,0.4,1 1 1 2 2,1 1 1 1 1,2
2022-03-04 15:36:09.388307,0.4,1 1 1 2 2,1 1 1 1 1,2
2022-03-04 15:36:11.688851,0.4,1 1 1 2 2,1 1 1 1 1,2
2022-03-04 15:36:13.741296,0.4,1 1 1 2 2,1 1 1 1 1,2
2022-03-04 15:36:15.896187,0.4,1 1 1 2 2,1 1 1 1 1,2
2022-03-04 15:36:17.788366,0.4,1 1 1 2 2,1 1 1 1 1,2
2022-03-04 15:36:19.742164,0.4,1 1 1 2 2,1 1 1 1 1,2
2022-03-04 15:36:21.743416,0.4,1 1 1 2 2,1 1 1 1 1,2
2022-03-04 15:36:23.729876,0.4,1 1 1 2 2,1 1 1 1 1,2
2022-03-04 15:36:25.659973,0.4,1 1 1 2 1,1 1 1 1 1,2
2022-03-04 15:36:27.635071,0.4,1 1 1 1 1,1 2 1 2 1,2
2022-03-04 15:36:29.559393,0.4,1 1 1 1 1,1 2 1 2 1,2
2022-03-04 15:36:31.479649,0.4,1 1 1 1 1,1 2 1 2 1,2
2022-03-04 15:36:33.526496,0.4,1 1 1 1 1,1 2 1 2 1,2
2022-03-04 15:36:37.095185,1.4,1 1 1 1 1,1 2 1 2 1,2
2022-03-04 15:36:39.430273,0.4,1 1 1 1 1,1 2 1 2 1,2
2022-03-04 15:36:41.613715,0.6,1 1 1 1 1,1 2 1 2 1,14
2022-03-04 15:36:43.946712,0.4,1 1 1 1 1,1 2 1 2 1,14
2022-03-04 15:36:45.941712,0.5,1 1 1 1 1,1 2 1 2 1,14
2022-03-04 15:36:48.012867,0.5,1 1 1 1 1,1 2 1 2 1,14
2022-03-04 15:36:50.037200,0.5,1 1 1 1 1,1 2 1 2 1,14
2022-03-04 15:36:52.121836,0.4,1 1 1 1 1,1 2 1 2 1,14
2022-03-04 15:36:54.067612,0.5,1 1 1 1 1,1 2 1 2 1,14
2022-03-04 15:36:56.249888,0.6,1 1 1 1 1,4 2 1 1 2,14
2022-03-04 15:36:58.411475,0.6,1 1 1 1 1,4 3 1 1 2,14
2022-03-04 15:37:00.480086,0.5,1 1 1 1 1,4 3 4 1 2,14
2022-03-04 15:37:02.549243,0.5,1 1 1 1 1,4 3 4 1 2,14
2022-03-04 15:37:04.917519,0.5,1 1 1 1 1,4 3 4 1 2,14
2022-03-04 15:37:06.988264,0.4,1 1 1 1 1,4 3 4 1 2,14
2022-03-04 15:37:09.224204,0.5,1 1 1 1 1,4 3 4 1 2,14
2022-03-04 15:37:11.379711,0.5,1 1 1 1 1,4 3 4 1 2,14
2022-03-04 15:37:13.611629,0.4,1 1 1 1 1,4 3 4 1 2,14
2022-03-04 15:37:15.843022,0.6,1 1 1 1 1,4 3 4 1 2,14
2022-03-04 15:37:19.032051,0.6,1 1 1 1 1,4 3 4 1 2,14
2022-03-04 15:37:21.909318,0.4,1 1 1 1 1,4 3 4 1 2,14
2022-03-04 15:37:24.665366,0.5,1 1 1 1 1,4 3 4 1 2,14
2022-03-04 15:37:28.364544,0.4,1 1 1 1 1,134 159 4 81 106,14
2022-03-04 15:37:31.361012,0.4,1 1 1 1 1,134 159 113 81 106,14
2022-03-04 15:37:34.707082,0.6,1 1 1 1 1,134 159 113 81 106,14
2022-03-04 15:37:37.557935,0.4,1 1 1 1 1,134 159 113 81 106,14
2022-03-04 15:37:40.467709,0.5,1 1 1 1 1,134 159 113 81 106,14
2022-03-04 15:37:43.217732,0.4,3 4 1 2 3,134 159 113 81 106,14
2022-03-04 15:37:45.712684,0.4,3 4 3 2 3,134 159 113 81 106,14
2022-03-04 15:37:48.174203,0.4,3 4 3 2 3,134 159 113 81 106,14
2022-03-04 15:37:50.516985,0.4,3 4 3 2 3,134 159 113 81 106,14
2022-03-04 15:37:52.960308,0.5,3 4 3 2 3,134 159 113 81 106,14
2022-03-04 15:37:55.293113,0.4,3 4 3 2 3,134 159 113 81 106,14
2022-03-04 15:37:57.715667,0.4,3 4 3 2 3,62 159 113 70 57,14
2022-03-04 15:38:00.164111,0.5,3 4 3 2 3,62 159 113 70 57,14
2022-03-04 15:38:02.466921,0.4,3 4 3 2 3,62 159 113 70 57,14
2022-03-04 15:38:05.002907,0.4,3 4 3 2 3,62 159 113 70 57,14
2022-03-04 15:38:07.870914,0.5,3 4 3 2 3,62 159 113 70 57,14
2022-03-04 15:38:11.055014,0.4,3 4 3 2 3,62 159 113 70 57,14
2022-03-04 15:38:15.483402,0.4,4 4 3 3 4,62 159 113 70 57,14
2022-03-04 15:38:18.186516,0.4,4 4 3 3 4,62 159 113 70 57,14
2022-03-04 15:38:20.701791,0.5,4 4 3 3 4,62 159 113 70 57,14
2022-03-04 15:38:23.277295,0.5,4 4 3 3 4,62 159 113 70 57,14
2022-03-04 15:38:25.882087,0.4,4 4 3 3 4,62 159 113 70 57,14
2022-03-04 15:38:28.600321,0.5,4 4 3 3 4,62 52 113 70 57,14
2022-03-04 15:38:31.109504,0.4,4 4 3 3 4,62 52 60 70 57,14
2022-03-04 15:38:33.641636,0.4,4 4 3 3 4,62 52 60 70 57,14
2022-03-04 15:38:37.086621,1.4,4 4 3 3 4,62 52 60 70 57,14
2022-03-04 15:38:39.445535,0.4,4 4 3 3 4,62 52 60 70 57,14
2022-03-04 15:38:42.206656,0.4,4 4 3 3 4,62 52 60 70 57,14
2022-03-04 15:38:45.119857,0.6,4 4 3 3 4,62 52 60 70 57,14
2022-03-04 15:38:47.760782,0.5,4 4 4 3 4,62 52 60 70 57,14
2022-03-04 15:38:50.259071,0.4,4 4 4 3 4,62 52 60 70 57,14
2022-03-04 15:38:52.945084,0.5,4 4 4 3 4,62 52 60 70 57,14
2022-03-04 15:38:56.138525,0.5,4 4 4 3 4,62 52 60 70 57,14
2022-03-04 15:38:58.830010,0.5,4 4 4 3 4,47 52 60 67 50,14
2022-03-04 15:39:01.379062,0.4,4 4 4 3 4,47 52 60 67 50,14
2022-03-04 15:39:03.911856,0.4,4 4 4 3 4,47 52 60 67 50,14
2022-03-04 15:39:06.261628,0.4,4 4 4 3 4,47 52 60 67 50,14
2022-03-04 15:39:08.599879,0.4,4 4 4 3 4,47 52 60 67 50,14
2022-03-04 15:39:11.004189,0.5,4 4 4 3 4,47 52 60 67 50,14
2022-03-04 15:39:13.548367,0.5,4 4 4 4 4,47 52 60 67 50,14
2022-03-04 15:39:16.965601,0.4,4 4 4 4 4,47 52 60 67 50,14
2022-03-04 15:39:20.478343,0.5,4 4 4 4 4,47 52 60 67 50,14
2022-03-04 15:39:23.250020,0.4,4 4 4 4 4,47 52 60 67 50,14
2022-03-04 15:39:26.016250,0.4,4 4 4 4 4,47 52 60 67 50,14
2022-03-04 15:39:28.460848,0.4,4 4 4 4 4,47 49 60 67 50,14
2022-03-04 15:39:30.942028,0.4,4 4 4 4 4,47 49 39 67 50,14
2022-03-04 15:39:33.706664,0.4,4 4 4 4 4,47 49 39 67 50,14
2022-03-04 15:39:36.342823,0.4,4 4 4 4 4,47 49 39 67 50,14
2022-03-04 15:39:38.893644,0.4,4 4 4 4 4,47 49 39 67 50,14
2022-03-04 15:39:41.398964,0.5,4 4 4 4 4,47 49 39 67 50,14
2022-03-04 15:39:43.918250,0.4,4 4 4 4 4,47 49 39 67 50,14
2022-03-04 15:39:46.462752,0.4,4 4 4 4 4,47 49 39 67 50,14
2022-03-04 15:39:48.928361,0.4,4 4 4 4 4,47 49 39 67 50,14
2022-03-04 15:39:51.478445,0.4,4 4 4 4 4,47 49 39 67 50,14
2022-03-04 15:39:54.173560,0.4,4 4 4 4 4,47 49 39 67 50,14
2022-03-04 15:39:56.841805,0.4,4 4 4 4 4,47 49 39 67 51,14
2022-03-04 15:39:59.539377,0.4,4 4 4 4 4,61 49 39 67 51,14
2022-03-04 15:40:03.422381,0.5,4 4 4 4 4,61 49 39 67 51,14
2022-03-04 15:40:06.459160,0.4,4 4 4 4 4,61 49 39 67 51,14
2022-03-04 15:40:08.948262,0.4,4 4 4 4 4,61 49 39 67 51,14
2022-03-04 15:40:11.555021,0.4,4 4 4 4 4,61 49 39 67 51,14
2022-03-04 15:40:14.076753,0.5,5 4 4 6 4,61 49 39 67 51,14
2022-03-04 15:40:16.973585,0.4,5 4 4 6 4,61 49 39 67 51,14
2022-03-04 15:40:19.586970,0.4,5 4 4 6 4,61 49 39 67 51,14
2022-03-04 15:40:22.584899,0.4,5 4 4 6 4,61 49 39 67 51,14
2022-03-04 15:40:25.312155,0.4,5 4 4 6 4,61 49 39 67 51,14
2022-03-04 15:40:28.107753,0.5,5 4 4 6 4,61 52 39 67 51,14
2022-03-04 15:40:31.053267,0.4,5 4 4 6 4,61 52 55 67 51,14
2022-03-04 15:40:33.898267,0.4,5 4 4 6 4,61 52 55 67 51,14
2022-03-04 15:40:36.739278,0.5,5 4 4 6 4,61 52 55 67 51,14
2022-03-04 15:40:39.352024,0.4,5 4 4 6 4,61 52 55 67 51,14
2022-03-04 15:40:42.041483,0.4,5 4 4 6 4,61 52 55 67 51,14
2022-03-04 15:40:44.554390,0.4,5 4 4 6 4,61 52 55 67 51,14
2022-03-04 15:40:47.109353,0.4,5 4 5 6 4,61 52 55 67 51,14
2022-03-04 15:40:50.306570,0.5,5 4 5 6 4,61 52 55 67 51,14
2022-03-04 15:40:53.286691,0.4,5 4 5 6 4,61 52 55 67 51,14
2022-03-04 15:40:56.080333,0.4,5 4 5 6 4,61 52 55 67 51,14
2022-03-04 15:40:58.929342,0.4,5 4 5 6 4,44 52 55 47 52,2
2022-03-04 15:41:01.753830,0.4,5 4 5 6 4,44 52 55 47 52,2
2022-03-04 15:41:04.914103,0.4,5 4 5 6 4,44 52 55 47 52,2
2022-03-04 15:41:08.096248,0.5,5 4 5 6 4,44 52 55 47 52,2
2022-03-04 15:41:11.134131,0.4,5 4 5 6 4,44 52 55 47 52,2
2022-03-04 15:41:14.035385,0.5,5 4 5 6 4,44 52 55 47 52,2
2022-03-04 15:41:17.341929,0.5,5 4 5 6 4,44 52 55 47 52,2
2022-03-04 15:41:20.343478,0.4,5 4 5 6 4,44 52 55 47 52,2
2022-03-04 15:41:23.850324,0.4,5 4 5 6 4,44 52 55 47 52,2
2022-03-04 15:41:27.205536,0.4,5 4 5 6 4,44 52 55 47 52,2
2022-03-04 15:41:30.405357,0.4,5 4 5 6 4,39 44 55 47 52,2
2022-03-04 15:41:33.209479,0.4,5 4 5 6 4,39 44 51 47 52,2
2022-03-04 15:41:36.110886,0.4,5 4 5 6 4,39 44 51 47 52,2
2022-03-04 15:41:38.862160,0.4,5 4 5 6 4,39 44 51 47 52,2
2022-03-04 15:41:41.712482,0.4,5 4 5 6 4,39 44 51 47 52,2
2022-03-04 15:41:44.438814,0.4,5 4 5 6 4,39 44 51 47 52,2
2022-03-04 15:41:47.101266,0.4,5 4 5 6 4,39 44 51 47 52,2
2022-03-04 15:41:50.096631,0.5,5 4 5 6 4,39 44 51 47 52,2
2022-03-04 15:41:52.884138,0.4,5 4 5 6 4,39 44 51 47 52,2
2022-03-04 15:41:55.782030,0.4,5 4 5 6 4,39 44 51 47 52,2
2022-03-04 15:41:58.530134,0.4,5 4 5 6 4,9 1 51 1 14,2
2022-03-04 15:42:01.152214,0.4,5 4 5 6 4,9 1 1 1 14,2
2022-03-04 15:42:03.918587,0.4,5 4 5 6 4,9 1 1 1 14,2
2022-03-04 15:42:07.739255,0.4,5 4 5 6 4,9 1 1 1 14,2
2022-03-04 15:42:10.837617,0.4,5 4 5 6 4,9 1 1 1 14,2
2022-03-04 15:42:13.599462,0.4,5 4 5 6 4,9 1 1 1 14,2
2022-03-04 15:42:16.346128,0.4,5 4 5 6 4,9 1 1 1 14,2
2022-03-04 15:42:18.947497,0.5,5 4 5 6 4,9 1 1 1 14,2
2022-03-04 15:42:21.784317,0.4,5 4 5 6 4,9 1 1 1 14,2
2022-03-04 15:42:25.520530,0.4,5 4 5 6 4,9 1 1 1 14,2
2022-03-04 15:42:28.196603,0.4,5 4 5 6 4,9 1 1 1 1,2
2022-03-04 15:42:33.051228,1.3,5 4 5 6 4,9 1 1 1 1,2
2022-03-04 15:42:35.785924,0.4,5 4 5 6 4,9 1 1 1 1,2
2022-03-04 15:42:38.833985,0.4,5 4 5 6 4,9 1 1 1 1,2
2022-03-04 15:42:41.563432,0.4,5 4 5 6 4,9 1 1 1 1,2
2022-03-04 15:42:44.252530,0.4,5 4 5 6 4,9 1 1 1 1,2
2022-03-04 15:42:47.086544,0.4,5 4 5 6 4,9 1 1 1 1,2
2022-03-04 15:42:50.977592,0.5,5 4 5 6 4,9 1 1 1 1,2
2022-03-04 15:42:53.660014,0.4,5 4 5 6 4,9 1 1 1 1,2
2022-03-04 15:42:56.240143,0.4,5 4 5 6 4,9 1 1 1 1,2
2022-03-04 15:42:59.111021,0.5,5 4 5 6 4,9 1 1 1 1,2
2022-03-04 15:43:02.300755,0.5,5 4 5 6 4,9 1 1 1 1,2
2022-03-04 15:43:05.481353,0.4,5 4 5 6 4,9 1 1 1 1,2
2022-03-04 15:43:08.349915,0.4,5 4 5 6 4,9 1 1 1 1,2
2022-03-04 15:43:11.318603,0.4,5 4 5 6 4,9 1 1 1 1,2
2022-03-04 15:43:14.300979,0.5,5 4 5 6 4,9 1 1 1 1,2
2022-03-04 15:43:17.185898,0.4,5 4 5 6 4,9 1 1 1 1,2
2022-03-04 15:43:20.006683,0.4,5 4 5 6 4,9 1 1 1 1,2
2022-03-04 15:43:22.920207,0.4,5 4 5 6 4,9 1 1 1 1,2
2022-03-04 15:43:25.641582,0.4,5 4 5 6 4,9 1 1 1 1,2
2022-03-04 15:43:28.319304,0.4,5 4 5 6 4,1 1 1 1 1,2
2022-03-04 15:43:31.039028,0.4,5 4 5 6 4,1 1 1 1 1,2
2022-03-04 15:43:33.656805,0.4,5 4 5 6 4,1 1 1 1 1,2
2022-03-04 15:43:36.415374,0.4,5 4 5 6 4,1 1 1 1 1,2
2022-03-04 15:43:39.216529,0.5,5 4 5 6 4,1 1 1 1 1,2
2022-03-04 15:43:41.847188,0.4,5 4 5 6 4,1 1 1 1 1,2
2022-03-04 15:43:44.359851,0.4,5 4 5 6 4,1 1 1 1 1,2
2022-03-04 15:43:47.059622,0.4,5 4 5 6 4,1 1 1 1 1,2
2022-03-04 15:43:50.225259,0.5,5 4 5 6 4,1 1 1 1 1,2
2022-03-04 15:43:52.948100,0.5,5 4 5 6 4,1 1 1 1 1,2
2022-03-04 15:43:55.976532,0.4,5 4 5 6 4,1 1 1 1 1,2
2022-03-04 15:43:59.048610,0.4,5 4 5 6 4,1 1 1 1 1,2
2022-03-04 15:44:01.918614,0.4,5 4 5 6 4,1 1 1 1 1,2
2022-03-04 15:44:04.628500,0.4,5 4 5 6 4,1 1 1 1 1,2
2022-03-04 15:44:07.463453,0.4,5 4 5 6 4,1 1 1 1 1,2
2022-03-04 15:44:10.470894,0.4,5 4 5 6 4,1 1 1 1 1,2
2022-03-04 15:44:13.476274,0.4,5 4 5 6 4,1 1 1 1 1,2
2022-03-04 15:44:16.403008,0.4,5 4 5 6 4,1 1 1 1 1,2
2022-03-04 15:44:19.665834,0.4,5 4 5 6 4,1 1 1 1 1,2
2022-03-04 15:44:23.572569,0.4,5 4 5 6 4,1 1 1 1 1,2
2022-03-04 15:44:27.989496,0.4,5 4 5 6 4,1 1 1 1 1,2
2022-03-04 15:44:32.232439,0.4,5 4 5 6 4,1 1 1 1 1,2
2022-03-04 15:44:36.204022,0.4,5 4 5 6 4,1 1 1 1 1,2
2022-03-04 15:44:40.413851,0.4,5 4 5 6 4,1 1 1 1 1,2
2022-03-04 15:44:45.647146,0.4,5 4 5 6 4,1 1 1 1 1,2
2022-03-04 15:44:49.395501,0.5,5 4 5 6 4,1 1 1 1 1,2
2022-03-04 15:44:53.733596,0.4,5 4 5 6 4,1 1 1 1 1,2
2022-03-04 15:44:57.287173,0.4,5 4 5 6 4,1 1 1 1 1,2
2022-03-04 15:45:01.118953,0.5,5 4 5 6 4,1 1 1 1 1,2
2022-03-04 15:45:05.134896,0.4,5 4 5 6 4,1 1 1 1 1,2
2022-03-04 15:45:09.849902,0.5,5 4 5 6 4,1 1 1 1 1,2
2022-03-04 15:45:13.067818,0.4,5 4 5 6 4,1 1 1 1 1,2
2022-03-04 15:45:16.525952,0.5,5 4 5 6 4,1 1 1 1 1,2
2022-03-04 15:45:19.905096,0.4,5 4 5 6 4,1 1 1 1 1,2
2022-03-04 15:45:23.468456,0.4,5 4 5 6 4,1 1 1 1 1,2
2022-03-04 15:45:26.705230,0.4,5 4 5 6 4,1 1 1 1 1,2
2022-03-04 15:45:30.282128,0.5,5 4 5 6 4,1 1 1 1 1,2
2022-03-04 15:45:33.247347,0.4,5 4 5 6 4,1 1 1 1 1,2
2022-03-04 15:45:36.203191,0.4,5 4 5 6 4,1 1 1 1 1,2
2022-03-04 15:45:39.033391,0.4,5 4 5 6 4,1 1 1 1 1,2
2022-03-04 15:45:42.464878,0.4,5 4 5 6 4,1 1 1 1 1,2
2022-03-04 15:45:45.237720,0.4,5 4 5 6 4,1 1 1 1 1,2
2022-03-04 15:45:48.326980,0.5,5 4 5 6 4,1 1 1 1 1,2
2022-03-04 15:45:51.398984,0.4,5 4 5 6 4,1 1 1 1 1,2
2022-03-04 15:45:54.405267,0.4,5 4 5 6 4,1 1 1 1 1,2
2022-03-04 15:45:57.396240,0.5,5 4 5 6 4,1 1 1 1 1,2
2022-03-04 15:46:00.685143,0.4,5 4 5 6 4,1 1 1 1 1,2
2022-03-04 15:46:03.902308,0.5,5 4 5 6 4,1 1 1 1 1,2
2022-03-04 15:46:06.903737,0.4,5 4 5 6 4,1 1 1 1 1,2
2022-03-04 15:46:09.819054,0.4,5 4 5 6 4,1 1 1 1 1,2
2022-03-04 15:46:12.678827,0.4,5 4 5 6 4,1 1 1 1 1,2
2022-03-04 15:46:15.753546,0.4,5 4 5 6 4,1 1 1 1 1,2
2022-03-04 15:46:19.990893,0.4,5 4 5 6 4,1 1 1 1 1,2
2022-03-04 15:46:23.394427,0.5,5 4 5 6 4,1 1 1 1 1,2
2022-03-04 15:46:26.905254,0.4,5 4 5 6 4,1 1 1 1 1,2
2022-03-04 15:46:31.955588,0.5,4 4 5 6 4,1 1 1 1 1,2
2022-03-04 15:46:36.331921,0.4,4 4 5 6 4,1 1 1 1 1,2
2022-03-04 15:46:40.525531,0.4,4 4 5 6 4,1 1 1 1 1,2
2022-03-04 15:46:43.898423,0.4,4 4 5 6 4,1 1 1 1 1,2
2022-03-04 15:46:47.027123,0.4,4 4 5 6 4,1 1 1 1 1,2
2022-03-04 15:46:50.052274,0.4,4 4 5 6 4,1 1 1 1 1,2
2022-03-04 15:46:53.125764,0.4,4 4 5 6 4,1 1 1 1 1,2
2022-03-04 15:46:56.117691,0.4,4 4 5 6 4,1 1 1 1 1,2
2022-03-04 15:46:59.028213,0.4,1 1 5 1 2,1 1 1 1 1,2
2022-03-04 15:47:01.846856,0.4,1 1 1 1 2,1 1 1 1 1,2
2022-03-04 15:47:04.590843,0.4,1 1 1 1 2,1 1 1 1 1,2
2022-03-04 15:47:07.381517,0.5,1 1 1 1 2,1 1 1 1 1,2
2022-03-04 15:47:10.116960,0.4,1 1 1 1 2,1 1 1 1 1,2
2022-03-04 15:47:13.239279,0.4,1 1 1 1 2,1 1 1 1 1,2
2022-03-04 15:47:15.540877,0.4,1 1 1 1 2,1 1 1 1 1,2
2022-03-04 15:47:18.018987,0.4,1 1 1 1 2,1 1 1 1 1,2
2022-03-04 15:47:20.247892,0.4,1 1 1 1 2,1 1 1 1 1,2
2022-03-04 15:47:22.949894,0.5,1 1 1 1 2,1 1 1 1 1,2
2022-03-04 15:47:25.371930,0.4,1 1 1 1 2,1 1 1 1 1,2
2022-03-04 15:47:27.430206,0.4,1 1 1 1 1,1 1 1 1 1,2
2022-03-04 15:47:29.526582,0.4,1 1 1 1 1,2 2 1 1 1,2
2022-03-04 15:47:31.570725,0.4,1 1 1 1 1,2 2 1 1 1,2
2022-03-04 15:47:33.729932,0.4,1 1 1 1 1,2 2 1 1 1,2
2022-03-04 15:47:35.813118,0.4,1 1 1 1 1,2 2 1 1 1,2
2022-03-04 15:47:38.815171,0.4,1 1 1 1 1,2 2 1 1 1,2
2022-03-04 15:47:40.828757,0.4,1 1 1 1 1,2 2 1 1 1,2
2022-03-04 15:47:43.159025,0.7,1 1 1 1 1,2 2 1 1 1,14
2022-03-04 15:47:46.344836,0.4,1 1 1 1 1,2 2 1 1 1,14
2022-03-04 15:47:49.251202,1.2,1 1 1 1 1,2 2 1 1 1,14
2022-03-04 15:47:51.409471,0.4,1 1 1 1 1,2 2 1 1 1,14
2022-03-04 15:47:53.540780,0.4,1 1 1 1 1,2 2 1 1 1,14
2022-03-04 15:47:55.761821,0.5,1 1 1 1 1,2 2 1 1 1,14
2022-03-04 15:47:58.167345,0.5,1 1 1 1 1,2 2 1 1 1,14
2022-03-04 15:48:00.567626,0.6,1 1 1 1 1,2 2 1 1 1,14
2022-03-04 15:48:03.118622,0.6,1 1 1 1 1,2 2 1 1 1,14
2022-03-04 15:48:05.475536,0.5,1 1 1 1 1,2 2 1 1 1,14
2022-03-04 15:48:07.908480,0.6,1 1 1 1 1,2 2 1 1 1,14
2022-03-04 15:48:11.099857,0.6,1 1 1 1 1,2 2 1 1 1,14
2022-03-04 15:48:14.815861,0.5,1 1 1 1 1,2 2 1 1 1,14
2022-03-04 15:48:17.033861,0.5,1 1 1 1 1,2 2 1 1 1,14
2022-03-04 15:48:20.047859,0.5,1 1 1 1 1,2 2 1 1 1,14
2022-03-04 15:48:22.196876,0.5,1 1 1 1 1,2 2 1 1 1,14
2022-03-04 15:48:25.203701,0.4,1 1 1 1 1,2 2 1 1 1,14
2022-03-04 15:48:27.899250,0.5,1 1 1 1 1,2 2 1 118 73,14
2022-03-04 15:48:31.270256,0.5,1 1 1 1 1,170 113 1 118 73,14
2022-03-04 15:48:33.885137,0.5,1 1 1 1 1,170 113 1 118 73,14
2022-03-04 15:48:36.468533,0.4,1 1 1 1 1,170 113 1 118 73,14
2022-03-04 15:48:39.224428,0.5,1 1 1 1 1,170 113 1 118 73,14
2022-03-04 15:48:42.032847,0.4,1 1 1 1 1,170 113 1 118 73,14
2022-03-04 15:48:44.743072,0.5,4 3 1 3 2,170 113 1 118 73,14
2022-03-04 15:48:47.453028,0.4,4 3 1 3 2,170 113 1 118 73,14
2022-03-04 15:48:49.954844,0.5,4 3 1 3 2,170 113 1 118 73,14
2022-03-04 15:48:53.806020,0.4,4 3 1 3 2,170 113 1 118 73,14
2022-03-04 15:48:56.207468,0.4,4 3 1 3 2,170 113 1 118 73,14
2022-03-04 15:48:58.822688,0.4,4 3 1 3 2,170 65 1 118 66,14
2022-03-04 15:49:01.852501,0.5,4 3 1 3 2,170 65 164 118 66,14
2022-03-04 15:49:04.966785,0.4,4 3 1 3 2,170 65 164 118 66,14
2022-03-04 15:49:08.711748,0.5,4 3 1 3 2,170 65 164 118 66,14
2022-03-04 15:49:12.490208,0.5,4 3 1 3 2,170 65 164 118 66,14
2022-03-04 15:49:17.165966,0.4,4 4 1 3 3,170 65 164 118 66,14
2022-03-04 15:49:24.624246,0.4,4 4 4 3 3,170 65 164 118 66,14
2022-03-04 15:49:28.446004,0.4,4 4 4 3 3,170 65 164 118 66,14
2022-03-04 15:49:32.635501,0.4,4 4 4 3 3,49 65 164 96 69,14
2022-03-04 15:49:36.911696,1.4,4 4 4 3 3,49 65 164 96 69,14
2022-03-04 15:49:39.843209,0.4,4 4 4 3 3,49 65 164 96 69,14
2022-03-04 15:49:43.006322,0.4,4 4 4 3 3,49 65 164 96 69,14
2022-03-04 15:49:46.161910,0.4,4 4 4 6 5,49 65 164 96 69,14
2022-03-04 15:49:49.510488,0.4,4 4 4 6 5,49 65 164 96 69,14
2022-03-04 15:49:53.019110,0.4,4 4 4 6 5,49 65 164 96 69,14
2022-03-04 15:49:55.801045,0.4,4 4 4 6 5,49 65 164 96 69,14
2022-03-04 15:49:59.367388,0.4,4 4 4 6 5,49 65 164 96 69,14
2022-03-04 15:50:02.181955,0.4,4 4 4 6 5,49 48 43 96 69,14
2022-03-04 15:50:05.099095,0.4,4 4 4 6 5,49 48 43 96 69,14
2022-03-04 15:50:07.931178,0.5,4 4 4 6 5,49 48 43 96 69,14
2022-03-04 15:50:10.576182,0.4,4 4 4 6 5,49 48 43 96 69,14
2022-03-04 15:50:13.321166,0.4,4 4 4 6 5,49 48 43 96 69,14
2022-03-04 15:50:16.044149,0.4,4 4 4 6 5,49 48 43 96 69,14
2022-03-04 15:50:18.751610,0.4,4 4 4 6 5,49 48 43 96 69,14
2022-03-04 15:50:21.850595,0.4,4 4 4 6 5,49 48 43 96 69,14
2022-03-04 15:50:25.579106,0.5,4 4 4 6 5,49 48 43 96 69,14
2022-03-04 15:50:28.670249,0.4,4 4 4 6 5,49 48 43 54 36,2
2022-03-04 15:50:31.681055,0.4,4 4 4 6 5,45 48 56 54 36,2
2022-03-04 15:50:34.299124,0.4,4 4 4 6 5,45 48 56 54 36,2
2022-03-04 15:50:36.944405,0.4,4 4 4 6 5,45 48 56 54 36,2
2022-03-04 15:50:40.023402,0.4,4 4 4 6 5,45 48 56 54 36,2
2022-03-04 15:50:42.981828,0.4,4 4 4 6 5,45 48 56 54 36,2
2022-03-04 15:50:46.351068,0.4,4 4 4 6 5,45 48 56 54 36,2
2022-03-04 15:50:49.505631,0.4,4 4 5 6 5,45 48 56 54 36,2
2022-03-04 15:50:52.381214,0.4,4 4 5 6 5,45 48 56 54 36,2
2022-03-04 15:50:55.157183,0.4,4 4 5 6 5,45 48 56 54 36,2
2022-03-04 15:50:58.898692,0.5,4 4 5 6 5,45 48 56 54 28,2
2022-03-04 15:51:01.652257,0.4,4 4 5 6 5,45 50 56 54 28,2
2022-03-04 15:51:04.258497,0.4,4 4 5 6 5,45 50 56 54 28,2
2022-03-04 15:51:06.832801,0.4,4 4 5 6 5,45 50 56 54 28,2
2022-03-04 15:51:09.784804,0.4,4 4 5 6 5,45 50 56 54 28,2
2022-03-04 15:51:12.585933,0.4,4 4 5 6 5,45 50 56 54 28,2
2022-03-04 15:51:15.254989,0.4,4 4 5 6 5,45 50 56 54 28,2
2022-03-04 15:51:17.686353,0.4,4 4 5 6 5,45 50 56 54 28,2
2022-03-04 15:51:20.239866,0.4,4 4 5 6 5,45 50 56 54 28,2
2022-03-04 15:51:22.787837,0.4,4 4 5 6 5,45 50 56 54 28,2
2022-03-04 15:51:25.280601,0.4,4 4 5 6 5,45 50 56 54 28,2
2022-03-04 15:51:27.710052,0.4,4 4 5 6 5,45 50 56 54 4,2
2022-03-04 15:51:30.002345,0.4,4 4 5 6 5,8 1 56 8 4,2
2022-03-04 15:51:32.506613,0.4,4 4 5 6 5,8 1 1 8 4,2
2022-03-04 15:51:34.967074,0.4,4 4 5 6 5,8 1 1 8 4,2
2022-03-04 15:51:37.415431,0.4,4 4 5 6 5,8 1 1 8 4,2
2022-03-04 15:51:40.531392,0.4,4 4 5 6 5,8 1 1 8 4,2
2022-03-04 15:51:43.605813,0.4,4 4 5 6 5,8 1 1 8 4,2
2022-03-04 15:51:47.008707,0.4,4 4 5 6 5,8 1 1 8 4,2
2022-03-04 15:51:50.927035,0.4,4 4 5 6 5,8 1 1 8 4,2
2022-03-04 15:51:54.109804,0.4,4 4 5 6 5,8 1 1 8 4,2
2022-03-04 15:51:58.959280,0.4,4 4 5 6 5,8 1 1 8 4,2
2022-03-04 15:52:02.748602,0.4,4 4 5 6 5,8 1 1 8 4,2
2022-03-04 15:52:06.328294,0.4,4 4 5 6 5,8 1 1 8 4,2
2022-03-04 15:52:09.700571,0.4,4 4 5 6 5,8 1 1 8 4,2
2022-03-04 15:52:12.720751,0.4,4 4 5 6 5,8 1 1 8 4,2
2022-03-04 15:52:16.248172,0.4,4 4 5 6 5,8 1 1 8 4,2
2022-03-04 15:52:19.753375,0.4,4 4 5 6 5,8 1 1 8 4,2
2022-03-04 15:52:24.114564,0.4,4 4 5 6 5,8 1 1 8 4,2
2022-03-04 15:52:27.859547,0.4,4 4 5 6 5,8 1 1 8 4,2
2022-03-04 15:52:32.292571,0.4,4 4 5 6 5,1 1 1 1 1,2
2022-03-04 15:52:35.852977,0.4,4 4 5 6 5,1 1 1 1 1,2
2022-03-04 15:52:38.896164,0.4,4 4 5 6 5,1 1 1 1 1,2
2022-03-04 15:52:41.727059,0.4,4 4 5 6 5,1 1 1 1 1,2
2022-03-04 15:52:45.201396,0.5,4 4 5 6 5,1 1 1 1 1,2
2022-03-04 15:52:48.032264,0.4,4 4 5 6 5,1 1 1 1 1,2
2022-03-04 15:52:50.806864,0.4,4 4 5 6 5,1 1 1 1 1,2
2022-03-04 15:52:53.531328,0.4,4 4 5 6 5,1 1 1 1 1,2
2022-03-04 15:52:56.355676,0.4,4 4 5 6 5,1 1 1 1 1,2
2022-03-04 15:52:59.475124,0.4,4 4 5 6 5,1 1 1 1 1,2
2022-03-04 15:53:02.492217,0.5,4 4 5 6 5,1 1 1 1 1,2
2022-03-04 15:53:05.549478,0.4,4 4 5 6 5,1 1 1 1 1,2
2022-03-04 15:53:08.362714,0.4,4 4 5 6 5,1 1 1 1 1,2
2022-03-04 15:53:11.346947,0.4,4 4 5 6 5,1 1 1 1 1,2
2022-03-04 15:53:14.371560,0.4,4 4 5 6 5,1 1 1 1 1,2
2022-03-04 15:53:17.953699,0.4,4 4 5 6 5,1 1 1 1 1,2
2022-03-04 15:53:20.577700,0.4,4 4 5 6 5,1 1 1 1 1,2
2022-03-04 15:53:23.170554,0.4,4 4 5 6 5,1 1 1 1 1,2
2022-03-04 15:53:25.870462,0.4,4 4 5 6 5,1 1 1 1 1,2
2022-03-04 15:53:28.787617,0.4,4 4 5 6 5,1 1 1 1 1,2
2022-03-04 15:53:31.617918,0.4,4 4 5 6 5,1 1 1 1 1,2
